Category,ProductName,Price_INR,Description,ImageURL,Stock,Rating
Electronics,Apple iPhone 16 Pro,129900,Apple iPhone 16 Pro - quality product in Electronics category.,https://picsum.photos/seed/AppleiPhone16Pro/600/600,50,4.5
Electronics,Apple iPhone 16,79900,Apple iPhone 16 - quality product in Electronics category.,https://picsum.photos/seed/AppleiPhone16/600/600,50,4.5
Electronics,Samsung Galaxy S25 Ultra,124999,Samsung Galaxy S25 Ultra - quality product in Electronics category.,https://picsum.photos/seed/SamsungGalaxyS25Ultra/600/600,50,4.5
Electronics,Samsung Galaxy S25,84999,Samsung Galaxy S25 - quality product in Electronics category.,https://picsum.photos/seed/SamsungGalaxyS25/600/600,50,4.5
Electronics,OnePlus 13,69999,OnePlus 13 - quality product in Electronics category.,https://picsum.photos/seed/OnePlus13/600/600,50,4.5
Electronics,Google Pixel 9 Pro,109999,Google Pixel 9 Pro - quality product in Electronics category.,https://picsum.photos/seed/GooglePixel9Pro/600/600,50,4.5
Electronics,Xiaomi 15,64999,Xiaomi 15 - quality product in Electronics category.,https://picsum.photos/seed/Xiaomi15/600/600,50,4.5
Electronics,Nothing Phone 3,49999,Nothing Phone 3 - quality product in Electronics category.,https://picsum.photos/seed/NothingPhone3/600/600,50,4.5
Electronics,MacBook Air M4,114900,MacBook Air M4 - quality product in Electronics category.,https://picsum.photos/seed/MacBookAirM4/600/600,50,4.5
Electronics,Dell XPS 13,129999,Dell XPS 13 - quality product in Electronics category.,https://picsum.photos/seed/DellXPS13/600/600,50,4.5
Electronics,HP Spectre x360,139999,HP Spectre x360 - quality product in Electronics category.,https://picsum.photos/seed/HPSpectrex360/600/600,50,4.5
Electronics,Lenovo Yoga 7,89999,Lenovo Yoga 7 - quality product in Electronics category.,https://picsum.photos/seed/LenovoYoga7/600/600,50,4.5
Electronics,Sony WH-1000XM5,29990,Sony WH-1000XM5 - quality product in Electronics category.,https://picsum.photos/seed/SonyWH-1000XM5/600/600,50,4.5
Electronics,Apple AirPods Pro 2,24900,Apple AirPods Pro 2 - quality product in Electronics category.,https://picsum.photos/seed/AppleAirPodsPro2/600/600,50,4.5
Electronics,Samsung Galaxy Buds3 Pro,17999,Samsung Galaxy Buds3 Pro - quality product in Electronics category.,https://picsum.photos/seed/SamsungGalaxyBuds3Pro/600/600,50,4.5
Electronics,iPad Air M3,59900,iPad Air M3 - quality product in Electronics category.,https://picsum.photos/seed/iPadAirM3/600/600,50,4.5
Electronics,Apple Watch Series 10,46900,Apple Watch Series 10 - quality product in Electronics category.,https://picsum.photos/seed/AppleWatchSeries10/600/600,50,4.5
Electronics,Garmin Forerunner 265,44990,Garmin Forerunner 265 - quality product in Electronics category.,https://picsum.photos/seed/GarminForerunner265/600/600,50,4.5
Electronics,Canon EOS R50,72999,Canon EOS R50 - quality product in Electronics category.,https://picsum.photos/seed/CanonEOSR50/600/600,50,4.5
Electronics,GoPro HERO13 Black,44990,GoPro HERO13 Black - quality product in Electronics category.,https://picsum.photos/seed/GoProHERO13Black/600/600,50,4.5
Fashion,Nike Air Force 1 White,8495,Nike Air Force 1 White - quality product in Fashion category.,https://picsum.photos/seed/NikeAirForce1White/600/600,50,4.5
Fashion,Nike Dunk Low Panda,9695,Nike Dunk Low Panda - quality product in Fashion category.,https://picsum.photos/seed/NikeDunkLowPanda/600/600,50,4.5
Fashion,Adidas Ultraboost 5,18999,Adidas Ultraboost 5 - quality product in Fashion category.,https://picsum.photos/seed/AdidasUltraboost5/600/600,50,4.5
Fashion,Adidas Samba OG,10999,Adidas Samba OG - quality product in Fashion category.,https://picsum.photos/seed/AdidasSambaOG/600/600,50,4.5
Fashion,Puma RS-X,8999,Puma RS-X - quality product in Fashion category.,https://picsum.photos/seed/PumaRS-X/600/600,50,4.5
Fashion,Levi's 511 Slim Fit Jeans,2999,Levi's 511 Slim Fit Jeans - quality product in Fashion category.,https://picsum.photos/seed/Levi's511SlimFitJeans/600/600,50,4.5
Fashion,Levi's 512 Taper Jeans,3299,Levi's 512 Taper Jeans - quality product in Fashion category.,https://picsum.photos/seed/Levi's512TaperJeans/600/600,50,4.5
Fashion,Tommy Hilfiger Polo T-Shirt,2499,Tommy Hilfiger Polo T-Shirt - quality product in Fashion category.,https://picsum.photos/seed/TommyHilfigerPoloT-Shirt/600/600,50,4.5
Fashion,US Polo Assn Shirt,1999,US Polo Assn Shirt - quality product in Fashion category.,https://picsum.photos/seed/USPoloAssnShirt/600/600,50,4.5
Fashion,Allen Solly Formal Shirt,1499,Allen Solly Formal Shirt - quality product in Fashion category.,https://picsum.photos/seed/AllenSollyFormalShirt/600/600,50,4.5
Fashion,Van Heusen Trousers,1999,Van Heusen Trousers - quality product in Fashion category.,https://picsum.photos/seed/VanHeusenTrousers/600/600,50,4.5
Fashion,Woodland Leather Boots,3999,Woodland Leather Boots - quality product in Fashion category.,https://picsum.photos/seed/WoodlandLeatherBoots/600/600,50,4.5
Fashion,Skechers Go Walk 7,5499,Skechers Go Walk 7 - quality product in Fashion category.,https://picsum.photos/seed/SkechersGoWalk7/600/600,50,4.5
Fashion,Crocs Classic Clog,3995,Crocs Classic Clog - quality product in Fashion category.,https://picsum.photos/seed/CrocsClassicClog/600/600,50,4.5
Fashion,H&M Hoodie,1999,H&M Hoodie - quality product in Fashion category.,https://picsum.photos/seed/H&MHoodie/600/600,50,4.5
Fashion,Zara Overshirt,2990,Zara Overshirt - quality product in Fashion category.,https://picsum.photos/seed/ZaraOvershirt/600/600,50,4.5
Fashion,Jack & Jones Jacket,3499,Jack & Jones Jacket - quality product in Fashion category.,https://picsum.photos/seed/Jack&JonesJacket/600/600,50,4.5
Fashion,Nike Dri-FIT Tee,1495,Nike Dri-FIT Tee - quality product in Fashion category.,https://picsum.photos/seed/NikeDri-FITTee/600/600,50,4.5
Fashion,Adidas Track Pants,2499,Adidas Track Pants - quality product in Fashion category.,https://picsum.photos/seed/AdidasTrackPants/600/600,50,4.5
Fashion,Puma Running Shorts,1299,Puma Running Shorts - quality product in Fashion category.,https://picsum.photos/seed/PumaRunningShorts/600/600,50,4.5
Home & Kitchen,Kitchen Product 1,349,Kitchen Product 1 - quality product in Home & Kitchen category.,https://picsum.photos/seed/KitchenProduct1/600/600,50,4.5
Home & Kitchen,Kitchen Product 2,499,Kitchen Product 2 - quality product in Home & Kitchen category.,https://picsum.photos/seed/KitchenProduct2/600/600,50,4.5
Home & Kitchen,Kitchen Product 3,649,Kitchen Product 3 - quality product in Home & Kitchen category.,https://picsum.photos/seed/KitchenProduct3/600/600,50,4.5
Home & Kitchen,Kitchen Product 4,799,Kitchen Product 4 - quality product in Home & Kitchen category.,https://picsum.photos/seed/KitchenProduct4/600/600,50,4.5
Home & Kitchen,Kitchen Product 5,949,Kitchen Product 5 - quality product in Home & Kitchen category.,https://picsum.photos/seed/KitchenProduct5/600/600,50,4.5
Home & Kitchen,Kitchen Product 6,1099,Kitchen Product 6 - quality product in Home & Kitchen category.,https://picsum.photos/seed/KitchenProduct6/600/600,50,4.5
Home & Kitchen,Kitchen Product 7,1249,Kitchen Product 7 - quality product in Home & Kitchen category.,https://picsum.photos/seed/KitchenProduct7/600/600,50,4.5
Home & Kitchen,Kitchen Product 8,1399,Kitchen Product 8 - quality product in Home & Kitchen category.,https://picsum.photos/seed/KitchenProduct8/600/600,50,4.5
Home & Kitchen,Kitchen Product 9,1549,Kitchen Product 9 - quality product in Home & Kitchen category.,https://picsum.photos/seed/KitchenProduct9/600/600,50,4.5
Home & Kitchen,Kitchen Product 10,1699,Kitchen Product 10 - quality product in Home & Kitchen category.,https://picsum.photos/seed/KitchenProduct10/600/600,50,4.5
Home & Kitchen,Kitchen Product 11,1849,Kitchen Product 11 - quality product in Home & Kitchen category.,https://picsum.photos/seed/KitchenProduct11/600/600,50,4.5
Home & Kitchen,Kitchen Product 12,1999,Kitchen Product 12 - quality product in Home & Kitchen category.,https://picsum.photos/seed/KitchenProduct12/600/600,50,4.5
Home & Kitchen,Kitchen Product 13,2149,Kitchen Product 13 - quality product in Home & Kitchen category.,https://picsum.photos/seed/KitchenProduct13/600/600,50,4.5
Home & Kitchen,Kitchen Product 14,2299,Kitchen Product 14 - quality product in Home & Kitchen category.,https://picsum.photos/seed/KitchenProduct14/600/600,50,4.5
Home & Kitchen,Kitchen Product 15,2449,Kitchen Product 15 - quality product in Home & Kitchen category.,https://picsum.photos/seed/KitchenProduct15/600/600,50,4.5
Home & Kitchen,Kitchen Product 16,2599,Kitchen Product 16 - quality product in Home & Kitchen category.,https://picsum.photos/seed/KitchenProduct16/600/600,50,4.5
Home & Kitchen,Kitchen Product 17,2749,Kitchen Product 17 - quality product in Home & Kitchen category.,https://picsum.photos/seed/KitchenProduct17/600/600,50,4.5
Home & Kitchen,Kitchen Product 18,2899,Kitchen Product 18 - quality product in Home & Kitchen category.,https://picsum.photos/seed/KitchenProduct18/600/600,50,4.5
Home & Kitchen,Kitchen Product 19,3049,Kitchen Product 19 - quality product in Home & Kitchen category.,https://picsum.photos/seed/KitchenProduct19/600/600,50,4.5
Home & Kitchen,Kitchen Product 20,3199,Kitchen Product 20 - quality product in Home & Kitchen category.,https://picsum.photos/seed/KitchenProduct20/600/600,50,4.5
Beauty & Personal Care,Beauty Product 1,349,Beauty Product 1 - quality product in Beauty & Personal Care category.,https://picsum.photos/seed/BeautyProduct1/600/600,50,4.5
Beauty & Personal Care,Beauty Product 2,499,Beauty Product 2 - quality product in Beauty & Personal Care category.,https://picsum.photos/seed/BeautyProduct2/600/600,50,4.5
Beauty & Personal Care,Beauty Product 3,649,Beauty Product 3 - quality product in Beauty & Personal Care category.,https://picsum.photos/seed/BeautyProduct3/600/600,50,4.5
Beauty & Personal Care,Beauty Product 4,799,Beauty Product 4 - quality product in Beauty & Personal Care category.,https://picsum.photos/seed/BeautyProduct4/600/600,50,4.5
Beauty & Personal Care,Beauty Product 5,949,Beauty Product 5 - quality product in Beauty & Personal Care category.,https://picsum.photos/seed/BeautyProduct5/600/600,50,4.5
Beauty & Personal Care,Beauty Product 6,1099,Beauty Product 6 - quality product in Beauty & Personal Care category.,https://picsum.photos/seed/BeautyProduct6/600/600,50,4.5
Beauty & Personal Care,Beauty Product 7,1249,Beauty Product 7 - quality product in Beauty & Personal Care category.,https://picsum.photos/seed/BeautyProduct7/600/600,50,4.5
Beauty & Personal Care,Beauty Product 8,1399,Beauty Product 8 - quality product in Beauty & Personal Care category.,https://picsum.photos/seed/BeautyProduct8/600/600,50,4.5
Beauty & Personal Care,Beauty Product 9,1549,Beauty Product 9 - quality product in Beauty & Personal Care category.,https://picsum.photos/seed/BeautyProduct9/600/600,50,4.5
Beauty & Personal Care,Beauty Product 10,1699,Beauty Product 10 - quality product in Beauty & Personal Care category.,https://picsum.photos/seed/BeautyProduct10/600/600,50,4.5
Beauty & Personal Care,Beauty Product 11,1849,Beauty Product 11 - quality product in Beauty & Personal Care category.,https://picsum.photos/seed/BeautyProduct11/600/600,50,4.5
Beauty & Personal Care,Beauty Product 12,1999,Beauty Product 12 - quality product in Beauty & Personal Care category.,https://picsum.photos/seed/BeautyProduct12/600/600,50,4.5
Beauty & Personal Care,Beauty Product 13,2149,Beauty Product 13 - quality product in Beauty & Personal Care category.,https://picsum.photos/seed/BeautyProduct13/600/600,50,4.5
Beauty & Personal Care,Beauty Product 14,2299,Beauty Product 14 - quality product in Beauty & Personal Care category.,https://picsum.photos/seed/BeautyProduct14/600/600,50,4.5
Beauty & Personal Care,Beauty Product 15,2449,Beauty Product 15 - quality product in Beauty & Personal Care category.,https://picsum.photos/seed/BeautyProduct15/600/600,50,4.5
Beauty & Personal Care,Beauty Product 16,2599,Beauty Product 16 - quality product in Beauty & Personal Care category.,https://picsum.photos/seed/BeautyProduct16/600/600,50,4.5
Beauty & Personal Care,Beauty Product 17,2749,Beauty Product 17 - quality product in Beauty & Personal Care category.,https://picsum.photos/seed/BeautyProduct17/600/600,50,4.5
Beauty & Personal Care,Beauty Product 18,2899,Beauty Product 18 - quality product in Beauty & Personal Care category.,https://picsum.photos/seed/BeautyProduct18/600/600,50,4.5
Beauty & Personal Care,Beauty Product 19,3049,Beauty Product 19 - quality product in Beauty & Personal Care category.,https://picsum.photos/seed/BeautyProduct19/600/600,50,4.5
Beauty & Personal Care,Beauty Product 20,3199,Beauty Product 20 - quality product in Beauty & Personal Care category.,https://picsum.photos/seed/BeautyProduct20/600/600,50,4.5
Groceries,Grocery Item 1,349,Grocery Item 1 - quality product in Groceries category.,https://picsum.photos/seed/GroceryItem1/600/600,50,4.5
Groceries,Grocery Item 2,499,Grocery Item 2 - quality product in Groceries category.,https://picsum.photos/seed/GroceryItem2/600/600,50,4.5
Groceries,Grocery Item 3,649,Grocery Item 3 - quality product in Groceries category.,https://picsum.photos/seed/GroceryItem3/600/600,50,4.5
Groceries,Grocery Item 4,799,Grocery Item 4 - quality product in Groceries category.,https://picsum.photos/seed/GroceryItem4/600/600,50,4.5
Groceries,Grocery Item 5,949,Grocery Item 5 - quality product in Groceries category.,https://picsum.photos/seed/GroceryItem5/600/600,50,4.5
Groceries,Grocery Item 6,1099,Grocery Item 6 - quality product in Groceries category.,https://picsum.photos/seed/GroceryItem6/600/600,50,4.5
Groceries,Grocery Item 7,1249,Grocery Item 7 - quality product in Groceries category.,https://picsum.photos/seed/GroceryItem7/600/600,50,4.5
Groceries,Grocery Item 8,1399,Grocery Item 8 - quality product in Groceries category.,https://picsum.photos/seed/GroceryItem8/600/600,50,4.5
Groceries,Grocery Item 9,1549,Grocery Item 9 - quality product in Groceries category.,https://picsum.photos/seed/GroceryItem9/600/600,50,4.5
Groceries,Grocery Item 10,1699,Grocery Item 10 - quality product in Groceries category.,https://picsum.photos/seed/GroceryItem10/600/600,50,4.5
Groceries,Grocery Item 11,1849,Grocery Item 11 - quality product in Groceries category.,https://picsum.photos/seed/GroceryItem11/600/600,50,4.5
Groceries,Grocery Item 12,1999,Grocery Item 12 - quality product in Groceries category.,https://picsum.photos/seed/GroceryItem12/600/600,50,4.5
Groceries,Grocery Item 13,2149,Grocery Item 13 - quality product in Groceries category.,https://picsum.photos/seed/GroceryItem13/600/600,50,4.5
Groceries,Grocery Item 14,2299,Grocery Item 14 - quality product in Groceries category.,https://picsum.photos/seed/GroceryItem14/600/600,50,4.5
Groceries,Grocery Item 15,2449,Grocery Item 15 - quality product in Groceries category.,https://picsum.photos/seed/GroceryItem15/600/600,50,4.5
Groceries,Grocery Item 16,2599,Grocery Item 16 - quality product in Groceries category.,https://picsum.photos/seed/GroceryItem16/600/600,50,4.5
Groceries,Grocery Item 17,2749,Grocery Item 17 - quality product in Groceries category.,https://picsum.photos/seed/GroceryItem17/600/600,50,4.5
Groceries,Grocery Item 18,2899,Grocery Item 18 - quality product in Groceries category.,https://picsum.photos/seed/GroceryItem18/600/600,50,4.5
Groceries,Grocery Item 19,3049,Grocery Item 19 - quality product in Groceries category.,https://picsum.photos/seed/GroceryItem19/600/600,50,4.5
Groceries,Grocery Item 20,3199,Grocery Item 20 - quality product in Groceries category.,https://picsum.photos/seed/GroceryItem20/600/600,50,4.5
Books & Stationery,Book/Stationery Item 1,349,Book/Stationery Item 1 - quality product in Books & Stationery category.,https://picsum.photos/seed/Book/StationeryItem1/600/600,50,4.5
Books & Stationery,Book/Stationery Item 2,499,Book/Stationery Item 2 - quality product in Books & Stationery category.,https://picsum.photos/seed/Book/StationeryItem2/600/600,50,4.5
Books & Stationery,Book/Stationery Item 3,649,Book/Stationery Item 3 - quality product in Books & Stationery category.,https://picsum.photos/seed/Book/StationeryItem3/600/600,50,4.5
Books & Stationery,Book/Stationery Item 4,799,Book/Stationery Item 4 - quality product in Books & Stationery category.,https://picsum.photos/seed/Book/StationeryItem4/600/600,50,4.5
Books & Stationery,Book/Stationery Item 5,949,Book/Stationery Item 5 - quality product in Books & Stationery category.,https://picsum.photos/seed/Book/StationeryItem5/600/600,50,4.5
Books & Stationery,Book/Stationery Item 6,1099,Book/Stationery Item 6 - quality product in Books & Stationery category.,https://picsum.photos/seed/Book/StationeryItem6/600/600,50,4.5
Books & Stationery,Book/Stationery Item 7,1249,Book/Stationery Item 7 - quality product in Books & Stationery category.,https://picsum.photos/seed/Book/StationeryItem7/600/600,50,4.5
Books & Stationery,Book/Stationery Item 8,1399,Book/Stationery Item 8 - quality product in Books & Stationery category.,https://picsum.photos/seed/Book/StationeryItem8/600/600,50,4.5
Books & Stationery,Book/Stationery Item 9,1549,Book/Stationery Item 9 - quality product in Books & Stationery category.,https://picsum.photos/seed/Book/StationeryItem9/600/600,50,4.5
Books & Stationery,Book/Stationery Item 10,1699,Book/Stationery Item 10 - quality product in Books & Stationery category.,https://picsum.photos/seed/Book/StationeryItem10/600/600,50,4.5
Books & Stationery,Book/Stationery Item 11,1849,Book/Stationery Item 11 - quality product in Books & Stationery category.,https://picsum.photos/seed/Book/StationeryItem11/600/600,50,4.5
Books & Stationery,Book/Stationery Item 12,1999,Book/Stationery Item 12 - quality product in Books & Stationery category.,https://picsum.photos/seed/Book/StationeryItem12/600/600,50,4.5
Books & Stationery,Book/Stationery Item 13,2149,Book/Stationery Item 13 - quality product in Books & Stationery category.,https://picsum.photos/seed/Book/StationeryItem13/600/600,50,4.5
Books & Stationery,Book/Stationery Item 14,2299,Book/Stationery Item 14 - quality product in Books & Stationery category.,https://picsum.photos/seed/Book/StationeryItem14/600/600,50,4.5
Books & Stationery,Book/Stationery Item 15,2449,Book/Stationery Item 15 - quality product in Books & Stationery category.,https://picsum.photos/seed/Book/StationeryItem15/600/600,50,4.5
Books & Stationery,Book/Stationery Item 16,2599,Book/Stationery Item 16 - quality product in Books & Stationery category.,https://picsum.photos/seed/Book/StationeryItem16/600/600,50,4.5
Books & Stationery,Book/Stationery Item 17,2749,Book/Stationery Item 17 - quality product in Books & Stationery category.,https://picsum.photos/seed/Book/StationeryItem17/600/600,50,4.5
Books & Stationery,Book/Stationery Item 18,2899,Book/Stationery Item 18 - quality product in Books & Stationery category.,https://picsum.photos/seed/Book/StationeryItem18/600/600,50,4.5
Books & Stationery,Book/Stationery Item 19,3049,Book/Stationery Item 19 - quality product in Books & Stationery category.,https://picsum.photos/seed/Book/StationeryItem19/600/600,50,4.5
Books & Stationery,Book/Stationery Item 20,3199,Book/Stationery Item 20 - quality product in Books & Stationery category.,https://picsum.photos/seed/Book/StationeryItem20/600/600,50,4.5
Sports & Fitness,Fitness Product 1,349,Fitness Product 1 - quality product in Sports & Fitness category.,https://picsum.photos/seed/FitnessProduct1/600/600,50,4.5
Sports & Fitness,Fitness Product 2,499,Fitness Product 2 - quality product in Sports & Fitness category.,https://picsum.photos/seed/FitnessProduct2/600/600,50,4.5
Sports & Fitness,Fitness Product 3,649,Fitness Product 3 - quality product in Sports & Fitness category.,https://picsum.photos/seed/FitnessProduct3/600/600,50,4.5
Sports & Fitness,Fitness Product 4,799,Fitness Product 4 - quality product in Sports & Fitness category.,https://picsum.photos/seed/FitnessProduct4/600/600,50,4.5
Sports & Fitness,Fitness Product 5,949,Fitness Product 5 - quality product in Sports & Fitness category.,https://picsum.photos/seed/FitnessProduct5/600/600,50,4.5
Sports & Fitness,Fitness Product 6,1099,Fitness Product 6 - quality product in Sports & Fitness category.,https://picsum.photos/seed/FitnessProduct6/600/600,50,4.5
Sports & Fitness,Fitness Product 7,1249,Fitness Product 7 - quality product in Sports & Fitness category.,https://picsum.photos/seed/FitnessProduct7/600/600,50,4.5
Sports & Fitness,Fitness Product 8,1399,Fitness Product 8 - quality product in Sports & Fitness category.,https://picsum.photos/seed/FitnessProduct8/600/600,50,4.5
Sports & Fitness,Fitness Product 9,1549,Fitness Product 9 - quality product in Sports & Fitness category.,https://picsum.photos/seed/FitnessProduct9/600/600,50,4.5
Sports & Fitness,Fitness Product 10,1699,Fitness Product 10 - quality product in Sports & Fitness category.,https://picsum.photos/seed/FitnessProduct10/600/600,50,4.5
Sports & Fitness,Fitness Product 11,1849,Fitness Product 11 - quality product in Sports & Fitness category.,https://picsum.photos/seed/FitnessProduct11/600/600,50,4.5
Sports & Fitness,Fitness Product 12,1999,Fitness Product 12 - quality product in Sports & Fitness category.,https://picsum.photos/seed/FitnessProduct12/600/600,50,4.5
Sports & Fitness,Fitness Product 13,2149,Fitness Product 13 - quality product in Sports & Fitness category.,https://picsum.photos/seed/FitnessProduct13/600/600,50,4.5
Sports & Fitness,Fitness Product 14,2299,Fitness Product 14 - quality product in Sports & Fitness category.,https://picsum.photos/seed/FitnessProduct14/600/600,50,4.5
Sports & Fitness,Fitness Product 15,2449,Fitness Product 15 - quality product in Sports & Fitness category.,https://picsum.photos/seed/FitnessProduct15/600/600,50,4.5
Sports & Fitness,Fitness Product 16,2599,Fitness Product 16 - quality product in Sports & Fitness category.,https://picsum.photos/seed/FitnessProduct16/600/600,50,4.5
Sports & Fitness,Fitness Product 17,2749,Fitness Product 17 - quality product in Sports & Fitness category.,https://picsum.photos/seed/FitnessProduct17/600/600,50,4.5
Sports & Fitness,Fitness Product 18,2899,Fitness Product 18 - quality product in Sports & Fitness category.,https://picsum.photos/seed/FitnessProduct18/600/600,50,4.5
Sports & Fitness,Fitness Product 19,3049,Fitness Product 19 - quality product in Sports & Fitness category.,https://picsum.photos/seed/FitnessProduct19/600/600,50,4.5
Sports & Fitness,Fitness Product 20,3199,Fitness Product 20 - quality product in Sports & Fitness category.,https://picsum.photos/seed/FitnessProduct20/600/600,50,4.5
Automotive,Automotive Product 1,349,Automotive Product 1 - quality product in Automotive category.,https://picsum.photos/seed/AutomotiveProduct1/600/600,50,4.5
Automotive,Automotive Product 2,499,Automotive Product 2 - quality product in Automotive category.,https://picsum.photos/seed/AutomotiveProduct2/600/600,50,4.5
Automotive,Automotive Product 3,649,Automotive Product 3 - quality product in Automotive category.,https://picsum.photos/seed/AutomotiveProduct3/600/600,50,4.5
Automotive,Automotive Product 4,799,Automotive Product 4 - quality product in Automotive category.,https://picsum.photos/seed/AutomotiveProduct4/600/600,50,4.5
Automotive,Automotive Product 5,949,Automotive Product 5 - quality product in Automotive category.,https://picsum.photos/seed/AutomotiveProduct5/600/600,50,4.5
Automotive,Automotive Product 6,1099,Automotive Product 6 - quality product in Automotive category.,https://picsum.photos/seed/AutomotiveProduct6/600/600,50,4.5
Automotive,Automotive Product 7,1249,Automotive Product 7 - quality product in Automotive category.,https://picsum.photos/seed/AutomotiveProduct7/600/600,50,4.5
Automotive,Automotive Product 8,1399,Automotive Product 8 - quality product in Automotive category.,https://picsum.photos/seed/AutomotiveProduct8/600/600,50,4.5
Automotive,Automotive Product 9,1549,Automotive Product 9 - quality product in Automotive category.,https://picsum.photos/seed/AutomotiveProduct9/600/600,50,4.5
Automotive,Automotive Product 10,1699,Automotive Product 10 - quality product in Automotive category.,https://picsum.photos/seed/AutomotiveProduct10/600/600,50,4.5
Automotive,Automotive Product 11,1849,Automotive Product 11 - quality product in Automotive category.,https://picsum.photos/seed/AutomotiveProduct11/600/600,50,4.5
Automotive,Automotive Product 12,1999,Automotive Product 12 - quality product in Automotive category.,https://picsum.photos/seed/AutomotiveProduct12/600/600,50,4.5
Automotive,Automotive Product 13,2149,Automotive Product 13 - quality product in Automotive category.,https://picsum.photos/seed/AutomotiveProduct13/600/600,50,4.5
Automotive,Automotive Product 14,2299,Automotive Product 14 - quality product in Automotive category.,https://picsum.photos/seed/AutomotiveProduct14/600/600,50,4.5
Automotive,Automotive Product 15,2449,Automotive Product 15 - quality product in Automotive category.,https://picsum.photos/seed/AutomotiveProduct15/600/600,50,4.5
Automotive,Automotive Product 16,2599,Automotive Product 16 - quality product in Automotive category.,https://picsum.photos/seed/AutomotiveProduct16/600/600,50,4.5
Automotive,Automotive Product 17,2749,Automotive Product 17 - quality product in Automotive category.,https://picsum.photos/seed/AutomotiveProduct17/600/600,50,4.5
Automotive,Automotive Product 18,2899,Automotive Product 18 - quality product in Automotive category.,https://picsum.photos/seed/AutomotiveProduct18/600/600,50,4.5
Automotive,Automotive Product 19,3049,Automotive Product 19 - quality product in Automotive category.,https://picsum.photos/seed/AutomotiveProduct19/600/600,50,4.5
Automotive,Automotive Product 20,3199,Automotive Product 20 - quality product in Automotive category.,https://picsum.photos/seed/AutomotiveProduct20/600/600,50,4.5
Toys & Baby Products,Toy/Baby Product 1,349,Toy/Baby Product 1 - quality product in Toys & Baby Products category.,https://picsum.photos/seed/Toy/BabyProduct1/600/600,50,4.5
Toys & Baby Products,Toy/Baby Product 2,499,Toy/Baby Product 2 - quality product in Toys & Baby Products category.,https://picsum.photos/seed/Toy/BabyProduct2/600/600,50,4.5
Toys & Baby Products,Toy/Baby Product 3,649,Toy/Baby Product 3 - quality product in Toys & Baby Products category.,https://picsum.photos/seed/Toy/BabyProduct3/600/600,50,4.5
Toys & Baby Products,Toy/Baby Product 4,799,Toy/Baby Product 4 - quality product in Toys & Baby Products category.,https://picsum.photos/seed/Toy/BabyProduct4/600/600,50,4.5
Toys & Baby Products,Toy/Baby Product 5,949,Toy/Baby Product 5 - quality product in Toys & Baby Products category.,https://picsum.photos/seed/Toy/BabyProduct5/600/600,50,4.5
Toys & Baby Products,Toy/Baby Product 6,1099,Toy/Baby Product 6 - quality product in Toys & Baby Products category.,https://picsum.photos/seed/Toy/BabyProduct6/600/600,50,4.5
Toys & Baby Products,Toy/Baby Product 7,1249,Toy/Baby Product 7 - quality product in Toys & Baby Products category.,https://picsum.photos/seed/Toy/BabyProduct7/600/600,50,4.5
Toys & Baby Products,Toy/Baby Product 8,1399,Toy/Baby Product 8 - quality product in Toys & Baby Products category.,https://picsum.photos/seed/Toy/BabyProduct8/600/600,50,4.5
Toys & Baby Products,Toy/Baby Product 9,1549,Toy/Baby Product 9 - quality product in Toys & Baby Products category.,https://picsum.photos/seed/Toy/BabyProduct9/600/600,50,4.5
Toys & Baby Products,Toy/Baby Product 10,1699,Toy/Baby Product 10 - quality product in Toys & Baby Products category.,https://picsum.photos/seed/Toy/BabyProduct10/600/600,50,4.5
Toys & Baby Products,Toy/Baby Product 11,1849,Toy/Baby Product 11 - quality product in Toys & Baby Products category.,https://picsum.photos/seed/Toy/BabyProduct11/600/600,50,4.5
Toys & Baby Products,Toy/Baby Product 12,1999,Toy/Baby Product 12 - quality product in Toys & Baby Products category.,https://picsum.photos/seed/Toy/BabyProduct12/600/600,50,4.5
Toys & Baby Products,Toy/Baby Product 13,2149,Toy/Baby Product 13 - quality product in Toys & Baby Products category.,https://picsum.photos/seed/Toy/BabyProduct13/600/600,50,4.5
Toys & Baby Products,Toy/Baby Product 14,2299,Toy/Baby Product 14 - quality product in Toys & Baby Products category.,https://picsum.photos/seed/Toy/BabyProduct14/600/600,50,4.5
Toys & Baby Products,Toy/Baby Product 15,2449,Toy/Baby Product 15 - quality product in Toys & Baby Products category.,https://picsum.photos/seed/Toy/BabyProduct15/600/600,50,4.5
Toys & Baby Products,Toy/Baby Product 16,2599,Toy/Baby Product 16 - quality product in Toys & Baby Products category.,https://picsum.photos/seed/Toy/BabyProduct16/600/600,50,4.5
Toys & Baby Products,Toy/Baby Product 17,2749,Toy/Baby Product 17 - quality product in Toys & Baby Products category.,https://picsum.photos/seed/Toy/BabyProduct17/600/600,50,4.5
Toys & Baby Products,Toy/Baby Product 18,2899,Toy/Baby Product 18 - quality product in Toys & Baby Products category.,https://picsum.photos/seed/Toy/BabyProduct18/600/600,50,4.5
Toys & Baby Products,Toy/Baby Product 19,3049,Toy/Baby Product 19 - quality product in Toys & Baby Products category.,https://picsum.photos/seed/Toy/BabyProduct19/600/600,50,4.5
Toys & Baby Products,Toy/Baby Product 20,3199,Toy/Baby Product 20 - quality product in Toys & Baby Products category.,https://picsum.photos/seed/Toy/BabyProduct20/600/600,50,4.5
Gaming,Gaming Product 1,349,Gaming Product 1 - quality product in Gaming category.,https://picsum.photos/seed/GamingProduct1/600/600,50,4.5
Gaming,Gaming Product 2,499,Gaming Product 2 - quality product in Gaming category.,https://picsum.photos/seed/GamingProduct2/600/600,50,4.5
Gaming,Gaming Product 3,649,Gaming Product 3 - quality product in Gaming category.,https://picsum.photos/seed/GamingProduct3/600/600,50,4.5
Gaming,Gaming Product 4,799,Gaming Product 4 - quality product in Gaming category.,https://picsum.photos/seed/GamingProduct4/600/600,50,4.5
Gaming,Gaming Product 5,949,Gaming Product 5 - quality product in Gaming category.,https://picsum.photos/seed/GamingProduct5/600/600,50,4.5
Gaming,Gaming Product 6,1099,Gaming Product 6 - quality product in Gaming category.,https://picsum.photos/seed/GamingProduct6/600/600,50,4.5
Gaming,Gaming Product 7,1249,Gaming Product 7 - quality product in Gaming category.,https://picsum.photos/seed/GamingProduct7/600/600,50,4.5
Gaming,Gaming Product 8,1399,Gaming Product 8 - quality product in Gaming category.,https://picsum.photos/seed/GamingProduct8/600/600,50,4.5
Gaming,Gaming Product 9,1549,Gaming Product 9 - quality product in Gaming category.,https://picsum.photos/seed/GamingProduct9/600/600,50,4.5
Gaming,Gaming Product 10,1699,Gaming Product 10 - quality product in Gaming category.,https://picsum.photos/seed/GamingProduct10/600/600,50,4.5
Gaming,Gaming Product 11,1849,Gaming Product 11 - quality product in Gaming category.,https://picsum.photos/seed/GamingProduct11/600/600,50,4.5
Gaming,Gaming Product 12,1999,Gaming Product 12 - quality product in Gaming category.,https://picsum.photos/seed/GamingProduct12/600/600,50,4.5
Gaming,Gaming Product 13,2149,Gaming Product 13 - quality product in Gaming category.,https://picsum.photos/seed/GamingProduct13/600/600,50,4.5
Gaming,Gaming Product 14,2299,Gaming Product 14 - quality product in Gaming category.,https://picsum.photos/seed/GamingProduct14/600/600,50,4.5
Gaming,Gaming Product 15,2449,Gaming Product 15 - quality product in Gaming category.,https://picsum.photos/seed/GamingProduct15/600/600,50,4.5
Gaming,Gaming Product 16,2599,Gaming Product 16 - quality product in Gaming category.,https://picsum.photos/seed/GamingProduct16/600/600,50,4.5
Gaming,Gaming Product 17,2749,Gaming Product 17 - quality product in Gaming category.,https://picsum.photos/seed/GamingProduct17/600/600,50,4.5
Gaming,Gaming Product 18,2899,Gaming Product 18 - quality product in Gaming category.,https://picsum.photos/seed/GamingProduct18/600/600,50,4.5
Gaming,Gaming Product 19,3049,Gaming Product 19 - quality product in Gaming category.,https://picsum.photos/seed/GamingProduct19/600/600,50,4.5
Gaming,Gaming Product 20,3199,Gaming Product 20 - quality product in Gaming category.,https://picsum.photos/seed/GamingProduct20/600/600,50,4.5
Health & Medical,Health Product 1,349,Health Product 1 - quality product in Health & Medical category.,https://picsum.photos/seed/HealthProduct1/600/600,50,4.5
Health & Medical,Health Product 2,499,Health Product 2 - quality product in Health & Medical category.,https://picsum.photos/seed/HealthProduct2/600/600,50,4.5
Health & Medical,Health Product 3,649,Health Product 3 - quality product in Health & Medical category.,https://picsum.photos/seed/HealthProduct3/600/600,50,4.5
Health & Medical,Health Product 4,799,Health Product 4 - quality product in Health & Medical category.,https://picsum.photos/seed/HealthProduct4/600/600,50,4.5
Health & Medical,Health Product 5,949,Health Product 5 - quality product in Health & Medical category.,https://picsum.photos/seed/HealthProduct5/600/600,50,4.5
Health & Medical,Health Product 6,1099,Health Product 6 - quality product in Health & Medical category.,https://picsum.photos/seed/HealthProduct6/600/600,50,4.5
Health & Medical,Health Product 7,1249,Health Product 7 - quality product in Health & Medical category.,https://picsum.photos/seed/HealthProduct7/600/600,50,4.5
Health & Medical,Health Product 8,1399,Health Product 8 - quality product in Health & Medical category.,https://picsum.photos/seed/HealthProduct8/600/600,50,4.5
Health & Medical,Health Product 9,1549,Health Product 9 - quality product in Health & Medical category.,https://picsum.photos/seed/HealthProduct9/600/600,50,4.5
Health & Medical,Health Product 10,1699,Health Product 10 - quality product in Health & Medical category.,https://picsum.photos/seed/HealthProduct10/600/600,50,4.5
Health & Medical,Health Product 11,1849,Health Product 11 - quality product in Health & Medical category.,https://picsum.photos/seed/HealthProduct11/600/600,50,4.5
Health & Medical,Health Product 12,1999,Health Product 12 - quality product in Health & Medical category.,https://picsum.photos/seed/HealthProduct12/600/600,50,4.5
Health & Medical,Health Product 13,2149,Health Product 13 - quality product in Health & Medical category.,https://picsum.photos/seed/HealthProduct13/600/600,50,4.5
Health & Medical,Health Product 14,2299,Health Product 14 - quality product in Health & Medical category.,https://picsum.photos/seed/HealthProduct14/600/600,50,4.5
Health & Medical,Health Product 15,2449,Health Product 15 - quality product in Health & Medical category.,https://picsum.photos/seed/HealthProduct15/600/600,50,4.5
Health & Medical,Health Product 16,2599,Health Product 16 - quality product in Health & Medical category.,https://picsum.photos/seed/HealthProduct16/600/600,50,4.5
Health & Medical,Health Product 17,2749,Health Product 17 - quality product in Health & Medical category.,https://picsum.photos/seed/HealthProduct17/600/600,50,4.5
Health & Medical,Health Product 18,2899,Health Product 18 - quality product in Health & Medical category.,https://picsum.photos/seed/HealthProduct18/600/600,50,4.5
Health & Medical,Health Product 19,3049,Health Product 19 - quality product in Health & Medical category.,https://picsum.photos/seed/HealthProduct19/600/600,50,4.5
Health & Medical,Health Product 20,3199,Health Product 20 - quality product in Health & Medical category.,https://picsum.photos/seed/HealthProduct20/600/600,50,4.5
Pet Supplies,Pet Product 1,349,Pet Product 1 - quality product in Pet Supplies category.,https://picsum.photos/seed/PetProduct1/600/600,50,4.5
Pet Supplies,Pet Product 2,499,Pet Product 2 - quality product in Pet Supplies category.,https://picsum.photos/seed/PetProduct2/600/600,50,4.5
Pet Supplies,Pet Product 3,649,Pet Product 3 - quality product in Pet Supplies category.,https://picsum.photos/seed/PetProduct3/600/600,50,4.5
Pet Supplies,Pet Product 4,799,Pet Product 4 - quality product in Pet Supplies category.,https://picsum.photos/seed/PetProduct4/600/600,50,4.5
Pet Supplies,Pet Product 5,949,Pet Product 5 - quality product in Pet Supplies category.,https://picsum.photos/seed/PetProduct5/600/600,50,4.5
Pet Supplies,Pet Product 6,1099,Pet Product 6 - quality product in Pet Supplies category.,https://picsum.photos/seed/PetProduct6/600/600,50,4.5
Pet Supplies,Pet Product 7,1249,Pet Product 7 - quality product in Pet Supplies category.,https://picsum.photos/seed/PetProduct7/600/600,50,4.5
Pet Supplies,Pet Product 8,1399,Pet Product 8 - quality product in Pet Supplies category.,https://picsum.photos/seed/PetProduct8/600/600,50,4.5
Pet Supplies,Pet Product 9,1549,Pet Product 9 - quality product in Pet Supplies category.,https://picsum.photos/seed/PetProduct9/600/600,50,4.5
Pet Supplies,Pet Product 10,1699,Pet Product 10 - quality product in Pet Supplies category.,https://picsum.photos/seed/PetProduct10/600/600,50,4.5
Pet Supplies,Pet Product 11,1849,Pet Product 11 - quality product in Pet Supplies category.,https://picsum.photos/seed/PetProduct11/600/600,50,4.5
Pet Supplies,Pet Product 12,1999,Pet Product 12 - quality product in Pet Supplies category.,https://picsum.photos/seed/PetProduct12/600/600,50,4.5
Pet Supplies,Pet Product 13,2149,Pet Product 13 - quality product in Pet Supplies category.,https://picsum.photos/seed/PetProduct13/600/600,50,4.5
Pet Supplies,Pet Product 14,2299,Pet Product 14 - quality product in Pet Supplies category.,https://picsum.photos/seed/PetProduct14/600/600,50,4.5
Pet Supplies,Pet Product 15,2449,Pet Product 15 - quality product in Pet Supplies category.,https://picsum.photos/seed/PetProduct15/600/600,50,4.5
Pet Supplies,Pet Product 16,2599,Pet Product 16 - quality product in Pet Supplies category.,https://picsum.photos/seed/PetProduct16/600/600,50,4.5
Pet Supplies,Pet Product 17,2749,Pet Product 17 - quality product in Pet Supplies category.,https://picsum.photos/seed/PetProduct17/600/600,50,4.5
Pet Supplies,Pet Product 18,2899,Pet Product 18 - quality product in Pet Supplies category.,https://picsum.photos/seed/PetProduct18/600/600,50,4.5
Pet Supplies,Pet Product 19,3049,Pet Product 19 - quality product in Pet Supplies category.,https://picsum.photos/seed/PetProduct19/600/600,50,4.5
Pet Supplies,Pet Product 20,3199,Pet Product 20 - quality product in Pet Supplies category.,https://picsum.photos/seed/PetProduct20/600/600,50,4.5
Jewelry & Accessories,Jewelry Product 1,349,Jewelry Product 1 - quality product in Jewelry & Accessories category.,https://picsum.photos/seed/JewelryProduct1/600/600,50,4.5
Jewelry & Accessories,Jewelry Product 2,499,Jewelry Product 2 - quality product in Jewelry & Accessories category.,https://picsum.photos/seed/JewelryProduct2/600/600,50,4.5
Jewelry & Accessories,Jewelry Product 3,649,Jewelry Product 3 - quality product in Jewelry & Accessories category.,https://picsum.photos/seed/JewelryProduct3/600/600,50,4.5
Jewelry & Accessories,Jewelry Product 4,799,Jewelry Product 4 - quality product in Jewelry & Accessories category.,https://picsum.photos/seed/JewelryProduct4/600/600,50,4.5
Jewelry & Accessories,Jewelry Product 5,949,Jewelry Product 5 - quality product in Jewelry & Accessories category.,https://picsum.photos/seed/JewelryProduct5/600/600,50,4.5
Jewelry & Accessories,Jewelry Product 6,1099,Jewelry Product 6 - quality product in Jewelry & Accessories category.,https://picsum.photos/seed/JewelryProduct6/600/600,50,4.5
Jewelry & Accessories,Jewelry Product 7,1249,Jewelry Product 7 - quality product in Jewelry & Accessories category.,https://picsum.photos/seed/JewelryProduct7/600/600,50,4.5
Jewelry & Accessories,Jewelry Product 8,1399,Jewelry Product 8 - quality product in Jewelry & Accessories category.,https://picsum.photos/seed/JewelryProduct8/600/600,50,4.5
Jewelry & Accessories,Jewelry Product 9,1549,Jewelry Product 9 - quality product in Jewelry & Accessories category.,https://picsum.photos/seed/JewelryProduct9/600/600,50,4.5
Jewelry & Accessories,Jewelry Product 10,1699,Jewelry Product 10 - quality product in Jewelry & Accessories category.,https://picsum.photos/seed/JewelryProduct10/600/600,50,4.5
Jewelry & Accessories,Jewelry Product 11,1849,Jewelry Product 11 - quality product in Jewelry & Accessories category.,https://picsum.photos/seed/JewelryProduct11/600/600,50,4.5
Jewelry & Accessories,Jewelry Product 12,1999,Jewelry Product 12 - quality product in Jewelry & Accessories category.,https://picsum.photos/seed/JewelryProduct12/600/600,50,4.5
Jewelry & Accessories,Jewelry Product 13,2149,Jewelry Product 13 - quality product in Jewelry & Accessories category.,https://picsum.photos/seed/JewelryProduct13/600/600,50,4.5
Jewelry & Accessories,Jewelry Product 14,2299,Jewelry Product 14 - quality product in Jewelry & Accessories category.,https://picsum.photos/seed/JewelryProduct14/600/600,50,4.5
Jewelry & Accessories,Jewelry Product 15,2449,Jewelry Product 15 - quality product in Jewelry & Accessories category.,https://picsum.photos/seed/JewelryProduct15/600/600,50,4.5
Jewelry & Accessories,Jewelry Product 16,2599,Jewelry Product 16 - quality product in Jewelry & Accessories category.,https://picsum.photos/seed/JewelryProduct16/600/600,50,4.5
Jewelry & Accessories,Jewelry Product 17,2749,Jewelry Product 17 - quality product in Jewelry & Accessories category.,https://picsum.photos/seed/JewelryProduct17/600/600,50,4.5
Jewelry & Accessories,Jewelry Product 18,2899,Jewelry Product 18 - quality product in Jewelry & Accessories category.,https://picsum.photos/seed/JewelryProduct18/600/600,50,4.5
Jewelry & Accessories,Jewelry Product 19,3049,Jewelry Product 19 - quality product in Jewelry & Accessories category.,https://picsum.photos/seed/JewelryProduct19/600/600,50,4.5
Jewelry & Accessories,Jewelry Product 20,3199,Jewelry Product 20 - quality product in Jewelry & Accessories category.,https://picsum.photos/seed/JewelryProduct20/600/600,50,4.5
Office Supplies,Office Product 1,349,Office Product 1 - quality product in Office Supplies category.,https://picsum.photos/seed/OfficeProduct1/600/600,50,4.5
Office Supplies,Office Product 2,499,Office Product 2 - quality product in Office Supplies category.,https://picsum.photos/seed/OfficeProduct2/600/600,50,4.5
Office Supplies,Office Product 3,649,Office Product 3 - quality product in Office Supplies category.,https://picsum.photos/seed/OfficeProduct3/600/600,50,4.5
Office Supplies,Office Product 4,799,Office Product 4 - quality product in Office Supplies category.,https://picsum.photos/seed/OfficeProduct4/600/600,50,4.5
Office Supplies,Office Product 5,949,Office Product 5 - quality product in Office Supplies category.,https://picsum.photos/seed/OfficeProduct5/600/600,50,4.5
Office Supplies,Office Product 6,1099,Office Product 6 - quality product in Office Supplies category.,https://picsum.photos/seed/OfficeProduct6/600/600,50,4.5
Office Supplies,Office Product 7,1249,Office Product 7 - quality product in Office Supplies category.,https://picsum.photos/seed/OfficeProduct7/600/600,50,4.5
Office Supplies,Office Product 8,1399,Office Product 8 - quality product in Office Supplies category.,https://picsum.photos/seed/OfficeProduct8/600/600,50,4.5
Office Supplies,Office Product 9,1549,Office Product 9 - quality product in Office Supplies category.,https://picsum.photos/seed/OfficeProduct9/600/600,50,4.5
Office Supplies,Office Product 10,1699,Office Product 10 - quality product in Office Supplies category.,https://picsum.photos/seed/OfficeProduct10/600/600,50,4.5
Office Supplies,Office Product 11,1849,Office Product 11 - quality product in Office Supplies category.,https://picsum.photos/seed/OfficeProduct11/600/600,50,4.5
Office Supplies,Office Product 12,1999,Office Product 12 - quality product in Office Supplies category.,https://picsum.photos/seed/OfficeProduct12/600/600,50,4.5
Office Supplies,Office Product 13,2149,Office Product 13 - quality product in Office Supplies category.,https://picsum.photos/seed/OfficeProduct13/600/600,50,4.5
Office Supplies,Office Product 14,2299,Office Product 14 - quality product in Office Supplies category.,https://picsum.photos/seed/OfficeProduct14/600/600,50,4.5
Office Supplies,Office Product 15,2449,Office Product 15 - quality product in Office Supplies category.,https://picsum.photos/seed/OfficeProduct15/600/600,50,4.5
Office Supplies,Office Product 16,2599,Office Product 16 - quality product in Office Supplies category.,https://picsum.photos/seed/OfficeProduct16/600/600,50,4.5
Office Supplies,Office Product 17,2749,Office Product 17 - quality product in Office Supplies category.,https://picsum.photos/seed/OfficeProduct17/600/600,50,4.5
Office Supplies,Office Product 18,2899,Office Product 18 - quality product in Office Supplies category.,https://picsum.photos/seed/OfficeProduct18/600/600,50,4.5
Office Supplies,Office Product 19,3049,Office Product 19 - quality product in Office Supplies category.,https://picsum.photos/seed/OfficeProduct19/600/600,50,4.5
Office Supplies,Office Product 20,3199,Office Product 20 - quality product in Office Supplies category.,https://picsum.photos/seed/OfficeProduct20/600/600,50,4.5
Digital Products,Digital Product 1,349,Digital Product 1 - quality product in Digital Products category.,https://picsum.photos/seed/DigitalProduct1/600/600,50,4.5
Digital Products,Digital Product 2,499,Digital Product 2 - quality product in Digital Products category.,https://picsum.photos/seed/DigitalProduct2/600/600,50,4.5
Digital Products,Digital Product 3,649,Digital Product 3 - quality product in Digital Products category.,https://picsum.photos/seed/DigitalProduct3/600/600,50,4.5
Digital Products,Digital Product 4,799,Digital Product 4 - quality product in Digital Products category.,https://picsum.photos/seed/DigitalProduct4/600/600,50,4.5
Digital Products,Digital Product 5,949,Digital Product 5 - quality product in Digital Products category.,https://picsum.photos/seed/DigitalProduct5/600/600,50,4.5
Digital Products,Digital Product 6,1099,Digital Product 6 - quality product in Digital Products category.,https://picsum.photos/seed/DigitalProduct6/600/600,50,4.5
Digital Products,Digital Product 7,1249,Digital Product 7 - quality product in Digital Products category.,https://picsum.photos/seed/DigitalProduct7/600/600,50,4.5
Digital Products,Digital Product 8,1399,Digital Product 8 - quality product in Digital Products category.,https://picsum.photos/seed/DigitalProduct8/600/600,50,4.5
Digital Products,Digital Product 9,1549,Digital Product 9 - quality product in Digital Products category.,https://picsum.photos/seed/DigitalProduct9/600/600,50,4.5
Digital Products,Digital Product 10,1699,Digital Product 10 - quality product in Digital Products category.,https://picsum.photos/seed/DigitalProduct10/600/600,50,4.5
Digital Products,Digital Product 11,1849,Digital Product 11 - quality product in Digital Products category.,https://picsum.photos/seed/DigitalProduct11/600/600,50,4.5
Digital Products,Digital Product 12,1999,Digital Product 12 - quality product in Digital Products category.,https://picsum.photos/seed/DigitalProduct12/600/600,50,4.5
Digital Products,Digital Product 13,2149,Digital Product 13 - quality product in Digital Products category.,https://picsum.photos/seed/DigitalProduct13/600/600,50,4.5
Digital Products,Digital Product 14,2299,Digital Product 14 - quality product in Digital Products category.,https://picsum.photos/seed/DigitalProduct14/600/600,50,4.5
Digital Products,Digital Product 15,2449,Digital Product 15 - quality product in Digital Products category.,https://picsum.photos/seed/DigitalProduct15/600/600,50,4.5
Digital Products,Digital Product 16,2599,Digital Product 16 - quality product in Digital Products category.,https://picsum.photos/seed/DigitalProduct16/600/600,50,4.5
Digital Products,Digital Product 17,2749,Digital Product 17 - quality product in Digital Products category.,https://picsum.photos/seed/DigitalProduct17/600/600,50,4.5
Digital Products,Digital Product 18,2899,Digital Product 18 - quality product in Digital Products category.,https://picsum.photos/seed/DigitalProduct18/600/600,50,4.5
Digital Products,Digital Product 19,3049,Digital Product 19 - quality product in Digital Products category.,https://picsum.photos/seed/DigitalProduct19/600/600,50,4.5
Digital Products,Digital Product 20,3199,Digital Product 20 - quality product in Digital Products category.,https://picsum.photos/seed/DigitalProduct20/600/600,50,4.5
