"title","description","price","stock_quantity","status","rating","ai_match_score","category_name","image_url"
"[Simulated] Anker 737 Power Bank (PowerCore 24K)","Ultra-high capacity power bank with 140W fast charging. Features a smart digital display.","12999","60","ACTIVE","4.7","92","Electronics","https://images.unsplash.com/photo-1583863788434-e58a36330cf0?w=400"
"[Simulated] DJI Osmo Pocket 3","Pocket-sized gimbal camera featuring a powerful 1-inch CMOS sensor. 4K/120fps recording, active track 6.0.","45900","96","ACTIVE","4.7","92","Electronics","https://images.unsplash.com/photo-1516035069371-29a1b244cc32?w=400"
"[Simulated] iPad Pro 12.9-inch M2","Astonishing performance. Incredibly advanced displays. Superfast wireless connectivity. Next-generation Apple Pencil features.","90000","47","ACTIVE","4.5","95","Electronics","https://images.unsplash.com/photo-1544244015-0df4b3ffc6b0?w=400"
"[Simulated] iPhone 15 Pro Max 512GB","Titanium design, A17 Pro chip, customisable Action button, and the most powerful iPhone camera system ever.","118000","19","ACTIVE","4.5","95","Electronics","https://images.unsplash.com/photo-1510557880182-3d4d3cba35a5?w=400"
"[Simulated] Keychron K2 Mechanical Keyboard","A 75% layout wireless mechanical keyboard with hot-swappable options, RGB backlighting, and Gateron switches.","8999","84","ACTIVE","4.7","92","Gaming","https://images.unsplash.com/photo-1587829741301-dc798b83add3?w=400"
"[Simulated] Logitech MX Master 3S Mouse","An iconic ergonomic mouse remastered. Quiet clicks, electromagnetic scroll wheel, 8K DPI sensor.","10995","74","ACTIVE","4.7","92","Electronics","https://images.unsplash.com/photo-1615663245857-ac93bb7c39e7?w=400"
"[Simulated] MacBook Pro 16 M3 Max","The most advanced MacBook Pro yet. M3 Max chip, 36GB Unified Memory, 1TB SSD. Liquid Retina XDR display.","195000","43","ACTIVE","4.5","95","Electronics","https://images.unsplash.com/photo-1517336714731-489689fd1ca8?w=400"
"[Simulated] RTX 4090 Founders Edition","The ultimate GeForce GPU. It brings an enormous leap in performance, efficiency, and AI-powered graphics.","162000","39","ACTIVE","4.5","95","Gaming","https://images.unsplash.com/photo-1591488320449-011701bb6704?w=400"
"[Simulated] Samsung T7 Portable SSD 2TB","Superfast external storage with read speeds up to 1050MB/s. Shock-resistant design.","15999","55","ACTIVE","4.7","92","Electronics","https://images.unsplash.com/photo-1609703409074-8968b8ec66d2?w=400"
"[Simulated] Sony PlayStation 5 Pro","Experience the next level of gaming with the PlayStation 5 Pro. Features advanced ray tracing, 4K gaming, and ultra-high-speed SSD.","52000","12","ACTIVE","4.5","95","Gaming","https://images.unsplash.com/photo-1606813907291-d86efa9b94db?w=400"
"[Simulated] Sony WH-1000XM5 ANC Headphones","Industry leading noise-canceling headphones with auto-NC optimizer, crystal clear hands-free calling.","24500","25","ACTIVE","4.5","95","Electronics","https://images.unsplash.com/photo-1505740420928-5e560c06d30e?w=400"
"[Simulated] Xiaomi Smart Projector 2","Portable projector supporting up to 120-inch screen size. Full HD resolution, auto-focus, and Android TV.","39999","51","ACTIVE","4.7","92","Electronics","https://images.unsplash.com/photo-1535016120720-40c646be5580?w=400"
"Aashirvaad Whole Wheat Atta 5kg","[Aashirvaad] High-quality whole wheat flour for soft and nutritious chapatis.","299","69","ACTIVE","0","0","Groceries","/products/groceries/aashirvaad-atta.jpg"
"Accu-Chek Active Glucometer","[Accu-Chek] Reliable blood sugar monitoring device with fast results.","1299","50","ACTIVE","0","0","Health & Medical","/products/health/accuchek-active.jpg"
"Acer Predator Helios Neo 16","[Acer] High-performance gaming laptop designed for competitive gamers.","139999","39","ACTIVE","0","0","Electronics","/products/electronics/acer-predator-neo16.jpg"
"Adidas Essentials Track Pants","[Adidas] Comfortable track pants suitable for training and casual wear.","2499","98","ACTIVE","0","0","Fashion","/products/fashion/adidas-trackpants.jpg"
"Adidas Grand Court Women","[Adidas] Classic lifestyle sneakers inspired by tennis heritage.","5499","75","ACTIVE","0","0","Fashion","/products/fashion/adidas-grand-court-women.jpg"
"Adidas Samba OG","[Adidas] Retro-inspired sneaker with classic design and durable leather upper.","10999","85","ACTIVE","0","0","Fashion","/products/fashion/adidas-samba-og.jpg"
"Adidas Ultraboost 5","[Adidas] Premium running shoes with responsive Boost cushioning and superior comfort.","18999","59","ACTIVE","0","0","Fashion","/products/fashion/adidas-ultraboost-5.jpg"
"Adjustable Dumbbell Set","[Domyos] Versatile weight training set suitable for home workouts and strength building.","5999","48","ACTIVE","0","0","Sports & Fitness","/products/sports/adjustable-dumbbell-set.jpg"
"Adjustable Hand Gripper","[Boldfit] Hand strength trainer with adjustable resistance levels.","299","66","ACTIVE","0","0","Sports & Fitness","/products/sports/hand-gripper.jpg"
"Allen Solly Formal Shirt","[Allen Solly] Elegant formal shirt suitable for office and business occasions.","1499","66","ACTIVE","0","0","Fashion","/products/fashion/allen-solly-formal-shirt.jpg"
"Amazon Echo Dot 5th Gen","[Amazon] Compact smart speaker powered by Alexa voice assistant.","5499","99","ACTIVE","0","0","Electronics","/products/electronics/echo-dot-5.jpg"
"Amazon Kindle Paperwhite","[Amazon] E-reader with glare-free display and weeks of battery life.","14999","75","ACTIVE","0","0","Electronics","/products/electronics/kindle-paperwhite.jpg"
"American Tourister Backpack","[American Tourister] Spacious backpack designed for daily commuting and travel.","1999","91","ACTIVE","0","0","Fashion","/products/fashion/american-tourister-backpack.jpg"
"Amul Butter 500g","[Amul] Creamy and delicious butter suitable for bread, cooking, and baking.","285","44","ACTIVE","0","0","Groceries","/products/groceries/amul-butter.jpg"
"Amul Pure Ghee 1L","[Amul] Rich and aromatic pure cow ghee for cooking and traditional recipes.","699","50","ACTIVE","0","0","Groceries","/products/groceries/amul-ghee.jpg"
"Anker 737 Power Bank","[Anker] High-capacity power bank supporting fast charging technology.","11999","23","ACTIVE","0","0","Electronics","https://images.unsplash.com/photo-1583863788434-e58a36330cf0?w=400"
"Apollo Pharmacy First Aid Kit","[Apollo] Comprehensive first aid kit containing essential medical supplies.","599","80","ACTIVE","0","0","Health & Medical","/products/health/first-aid-kit.jpg"
"Apple AirPods Pro 2","[Apple] Premium wireless earbuds with adaptive noise cancellation.","24900","45","ACTIVE","0","0","Electronics","/products/electronics/airpods-pro2.jpg"
"Apple iPhone 16 128GB","[Apple] Latest iPhone with improved battery life, powerful processor, and advanced photography features.","79900","67","ACTIVE","0","0","Electronics","/products/electronics/iphone16-128gb.jpg"
"Apple iPhone 16 Pro 256GB","[Apple] Premium flagship smartphone featuring an advanced camera system, powerful performance, and titanium design.","129900","95","ACTIVE","0","0","Electronics","/products/electronics/iphone16pro-256gb.jpg"
"Apple TV 4K","[Apple] Streaming device delivering premium entertainment experience.","14900","70","ACTIVE","0","0","Electronics","/products/electronics/apple-tv-4k.jpg"
"Apple Watch Series 10","[Apple] Advanced smartwatch featuring health tracking and fitness monitoring.","46900","15","ACTIVE","0","0","Electronics","/products/electronics/apple-watch-series10.jpg"
"Apsara Platinum Pencil Pack","[Apsara] Premium pencils offering smooth writing and durable lead quality.","60","43","ACTIVE","0","0","Books & Stationery","/products/books/apsara-platinum-pencil.jpg"
"Aqualogica Glow Sunscreen","[Aqualogica] Lightweight sunscreen with hydration benefits.","449","86","ACTIVE","0","0","Beauty & Personal Care","/products/beauty/aqualogica-sunscreen.jpg"
"Armani Acqua di Gio","[Giorgio Armani] Fresh aquatic fragrance inspired by the Mediterranean sea.","8499","66","ACTIVE","0","0","Fragrances","/products/fragrances/acqua-di-gio.jpg"
"ASUS ROG Ally X","[ASUS] Portable gaming handheld powered by Windows gaming ecosystem.","79999","35","ACTIVE","0","0","Gaming","/products/gaming/rog-ally-x.jpg"
"ASUS ROG Strix G16","[ASUS] Gaming laptop equipped with powerful graphics and advanced cooling system.","149999","28","ACTIVE","0","0","Electronics","/products/electronics/asus-rog-g16.jpg"
"Atomic Habits","[James Clear] A practical guide to building good habits and breaking bad ones through small daily improvements.","499","22","ACTIVE","0","0","Books & Stationery","/products/books/atomic-habits.jpg"
"Aurelia Straight Kurta Palazzo Set","[Aurelia] Elegant straight-cut kurta paired with matching palazzo pants.","2499","40","ACTIVE","0","0","Fashion","/products/fashion/aurelia-kurta-palazzo.jpg"
"Bajaj Electric Kettle 1.7L","[Bajaj] Fast boiling electric kettle with automatic shut-off feature.","1499","95","ACTIVE","0","0","Home & Kitchen","/products/home/bajaj-kettle.jpg"
"Band-Aid Adhesive Bandages","[Band-Aid] Sterile adhesive bandages for minor cuts and wounds.","120","26","ACTIVE","0","0","Health & Medical","/products/health/band-aid.jpg"
"Beardo Activated Charcoal Face Wash","[Beardo] Charcoal-based face wash for deep cleansing.","299","85","ACTIVE","0","0","Beauty & Personal Care","/products/beauty/beardo-facewash.jpg"
"Belkin 3-in-1 Wireless Charger","[Belkin] Wireless charging station for smartphone, watch, and earbuds.","9999","76","ACTIVE","0","0","Electronics","/products/electronics/belkin-3in1-charger.jpg"
"Bella Vita Luxury CEO Man","[Bella Vita] Affordable premium fragrance with fresh and woody notes.","699","39","ACTIVE","0","0","Fragrances","/products/fragrances/bella-vita-ceo-man.jpg"
"Bella Vita Luxury Perfume","[Bella Vita] Premium fragrance with sophisticated aroma.","499","96","ACTIVE","0","0","Beauty & Personal Care","/products/beauty/bellavita-perfume.jpg"
"Bella Vita Luxury Senorita","[Bella Vita] Elegant floral-fruity fragrance designed for women.","699","40","ACTIVE","0","0","Fragrances","/products/fragrances/bella-vita-senorita.jpg"
"Biba Anarkali Suit Set","[Biba] Elegant Anarkali suit set with matching dupatta, ideal for festive occasions.","3499","99","ACTIVE","0","0","Fashion","/products/fashion/biba-anarkali-suit.jpg"
"Biba Floral Printed Salwar Suit","[Biba] Floral ethnic suit crafted from breathable fabric for all-day comfort.","2199","23","ACTIVE","0","0","Fashion","/products/fashion/biba-floral-suit.jpg"
"Biba Printed Kurti","[Biba] Traditional printed kurti suitable for casual and festive wear.","1799","45","ACTIVE","0","0","Fashion","/products/fashion/biba-printed-kurti.jpg"
"Biotique Bio Morning Nectar Moisturizer","[Biotique] Hydrating moisturizer suitable for all skin types.","275","39","ACTIVE","0","0","Beauty & Personal Care","/products/beauty/biotique-moisturizer.jpg"
"Bisleri Mineral Water 2L","[Bisleri] Safe and purified drinking water enriched with essential minerals.","30","48","ACTIVE","0","0","Groceries","/products/groceries/bisleri-water.jpg"
"Bleu de Chanel Eau de Parfum","[Chanel] Sophisticated fragrance combining citrus freshness and woody elegance.","12499","86","ACTIVE","0","0","Fragrances","/products/fragrances/bleu-de-chanel.jpg"
"Boat Airdopes 141","[boAt] Affordable true wireless earbuds with long battery backup.","1299","81","ACTIVE","0","0","Electronics","/products/electronics/boat-airdopes141.jpg"
"Bombay Shaving Company Beard Oil","[Bombay Shaving Company] Beard oil that softens and nourishes facial hair.","299","82","ACTIVE","0","0","Beauty & Personal Care","/products/beauty/beard-oil.jpg"
"Bru Instant Coffee 200g","[Bru] Rich and aromatic instant coffee for a refreshing start to your day.","399","38","ACTIVE","0","0","Groceries","/products/groceries/bru-instant-coffee.jpg"
"Butterfly Mixer Grinder 750W","[Butterfly] Powerful mixer grinder for grinding, blending, and food preparation.","3499","48","ACTIVE","0","0","Home & Kitchen","/products/home/butterfly-mixer-grinder.jpg"
"Cadbury Dairy Milk Silk 150g","[Cadbury] Smooth and creamy milk chocolate crafted for indulgent moments.","175","78","ACTIVE","0","0","Groceries","/products/groceries/dairy-milk-silk.jpg"
"Calvin Klein CK One","[Calvin Klein] Iconic unisex fragrance with citrus and green tea notes.","2999","57","ACTIVE","0","0","Fragrances","/products/fragrances/ck-one.jpg"
"Camel Sketch Book","[Camel] Artist-quality sketchbook with thick pages for drawing and sketching.","199","66","ACTIVE","0","0","Books & Stationery","/products/books/camel-sketch-book.jpg"
"Can't Hurt Me","[David Goggins] Memoir and self-help book about mental toughness and resilience.","699","96","ACTIVE","0","0","Books & Stationery","/products/books/cant-hurt-me.jpg"
"Canon EOS R50","[Canon] Mirrorless camera ideal for photography and content creation.","72999","95","ACTIVE","0","0","Electronics","/products/electronics/canon-r50.jpg"
"Casio FX-991ES Plus Calculator","[Casio] Scientific calculator widely used by engineering and science students.","1195","25","ACTIVE","0","0","Books & Stationery","/products/books/casio-fx991es.jpg"
"Cello Plastic Storage Container Set","[Cello] Food-grade airtight containers for kitchen organization.","599","57","ACTIVE","0","0","Home & Kitchen","/products/home/cello-storage-container.jpg"
"Cetaphil Gentle Skin Cleanser","[Cetaphil] Dermatologist-recommended cleanser suitable for sensitive skin.","599","93","ACTIVE","0","0","Beauty & Personal Care","/products/beauty/cetaphil-cleanser.jpg"
"Chanel Coco Mademoiselle","[Chanel] Elegant women's fragrance with citrus and patchouli accords.","13999","92","ACTIVE","0","0","Fragrances","/products/fragrances/coco-mademoiselle.jpg"
"Chromecast with Google TV","[Google] Streaming device with smart content recommendations.","6499","32","ACTIVE","0","0","Electronics","/products/electronics/chromecast-google-tv.jpg"
"Classmate Long Notebook","[Classmate] High-quality ruled notebook suitable for students and professionals.","85","52","ACTIVE","0","0","Books & Stationery","/products/books/classmate-long-notebook.jpg"
"Coca-Cola 2L","[Coca-Cola] Refreshing carbonated soft drink enjoyed worldwide.","95","13","ACTIVE","0","0","Groceries","/products/groceries/coca-cola-2l.jpg"
"Colgate Total Toothpaste","[Colgate] Advanced cavity protection toothpaste.","120","27","ACTIVE","0","0","Beauty & Personal Care","/products/beauty/colgate-toothpaste.jpg"
"Cosco Volleyball","[Cosco] High-quality volleyball suitable for indoor and outdoor gameplay.","799","55","ACTIVE","0","0","Sports & Fitness","/products/sports/cosco-volleyball.jpg"
"Creed Aventus","[Creed] Luxury fragrance featuring pineapple, birch, and musk accords.","28999","48","ACTIVE","0","0","Fragrances","/products/fragrances/creed-aventus.jpg"
"Crocs Classic Clog","[Crocs] Comfortable and lightweight clogs suitable for everyday wear.","3995","10","ACTIVE","0","0","Fashion","/products/fashion/crocs-classic-clog.jpg"
"Cult 11-in-1 Fitness Kit","[Cult] Complete fitness accessory kit for home workouts and resistance training.","595","87","ACTIVE","0","0","Sports & Fitness","/products/sports/cult-fitness-kit.jpg"
"Dabur Chyawanprash 1kg","[Dabur] Traditional Ayurvedic formulation for immunity and overall wellness.","399","71","ACTIVE","0","0","Health & Medical","/products/health/dabur-chyawanprash.jpg"
"Davidoff Cool Water","[Davidoff] Classic aquatic fragrance known for freshness and versatility.","3499","84","ACTIVE","0","0","Fragrances","/products/fragrances/davidoff-cool-water.jpg"
"Decathlon Skipping Rope","[Domyos] Adjustable skipping rope designed for cardio workouts and fitness training.","299","25","ACTIVE","0","0","Sports & Fitness","/products/sports/skipping-rope.jpg"
"Deep Work","[Cal Newport] Strategies for focused success in a distracted world.","550","90","ACTIVE","0","0","Books & Stationery","/products/books/deep-work.jpg"
"Dell XPS 13","[Dell] Premium ultrabook featuring stunning display and excellent battery life.","129999","76","ACTIVE","0","0","Electronics","/products/electronics/dell-xps13.jpg"
"Dettol Antiseptic Liquid","[Dettol] Trusted antiseptic solution for first aid and personal hygiene.","185","66","ACTIVE","0","0","Health & Medical","/products/health/dettol-antiseptic.jpg"
"Dior Sauvage Eau de Parfum","[Dior] Fresh and spicy men's fragrance with bergamot, pepper, and woody notes.","10999","25","ACTIVE","0","0","Fragrances","/products/fragrances/dior-sauvage-edp.jpg"
"DJI Mini 4 Pro","[DJI] Compact drone with advanced aerial photography capabilities.","89999","96","ACTIVE","0","0","Electronics","/products/electronics/dji-mini4pro.jpg"
"Do Epic Shit","[Ankur Warikoo] Life lessons on career, money, relationships, and personal growth.","399","59","ACTIVE","0","0","Books & Stationery","/products/books/do-epic-shit.jpg"
"Doms Geometry Box","[Doms] Complete geometry set containing compass, ruler, divider, and protractor.","149","10","ACTIVE","0","0","Books & Stationery","/products/books/doms-geometry-box.jpg"
"Dove Deep Moisture Body Wash","[Dove] Body wash that nourishes and hydrates skin deeply.","349","68","ACTIVE","0","0","Beauty & Personal Care","/products/beauty/dove-bodywash.jpg"
"Dove Intense Repair Shampoo","[Dove] Nourishing shampoo for damaged and weak hair.","349","53","ACTIVE","0","0","Beauty & Personal Care","/products/beauty/dove-shampoo.jpg"
"Dr Ortho Pain Relief Oil","[Dr Ortho] Ayurvedic oil formulated for muscle and joint pain relief.","299","19","ACTIVE","0","0","Health & Medical","/products/health/dr-ortho-oil.jpg"
"Dr Trust Infrared Thermometer","[Dr Trust] Non-contact infrared thermometer for quick and accurate temperature readings.","1499","59","ACTIVE","0","0","Health & Medical","/products/health/drtrust-thermometer.jpg"
"Dr. Morepen Blood Pressure Monitor BP02","[Dr. Morepen] Automatic digital blood pressure monitor with accurate readings and easy-to-read display.","1499","84","ACTIVE","0","0","Health & Medical","/products/health/dr-morepen-bp-monitor.jpg"
"Dr. Morepen GlucoOne Glucometer","[Dr. Morepen] Compact blood glucose monitoring system for diabetic patients.","799","49","ACTIVE","0","0","Health & Medical","/products/health/dr-morepen-glucometer.jpg"
"Dyson V12 Detect Slim","[Dyson] Cordless vacuum cleaner with laser dust detection technology.","52900","43","ACTIVE","0","0","Electronics","/products/electronics/dyson-v12.jpg"
"Dyson V12 Detect Slim Vacuum Cleaner","[Dyson] Cordless vacuum cleaner with laser dust detection technology.","52900","88","ACTIVE","0","0","Home & Kitchen","/products/home/dyson-v12.jpg"
"Elgato HD60 X Capture Card","[Elgato] Professional capture card for streaming and recording gameplay.","17999","20","ACTIVE","0","0","Gaming","/products/gaming/elgato-hd60x.jpg"
"Elgato Stream Deck MK2","[Elgato] Customizable control panel for creators and streamers.","14990","46","ACTIVE","0","0","Electronics","/products/electronics/elgato-streamdeck.jpg"
"Elgato Stream Deck MK2","[Elgato] Customizable controller designed for streamers and content creators.","14990","85","ACTIVE","0","0","Gaming","/products/gaming/elgato-streamdeck-mk2.jpg"
"Engage Amber Hues Perfume","[Engage] Refreshing fragrance with warm amber undertones.","399","45","ACTIVE","0","0","Fragrances","/products/fragrances/engage-amber-hues.jpg"
"Engage Perfume Spray","[Engage] Refreshing fragrance suitable for daily use.","249","58","ACTIVE","0","0","Beauty & Personal Care","/products/beauty/engage-perfume.jpg"
"Ensure Nutrition Powder Vanilla 1kg","[Ensure] Balanced nutritional supplement supporting overall health and wellness.","999","34","ACTIVE","0","0","Health & Medical","/products/health/ensure-vanilla.jpg"
"Eureka Forbes Aquaguard Aura","[Aquaguard] Advanced water purifier with multi-stage purification technology.","14999","73","ACTIVE","0","0","Home & Kitchen","/products/home/aquaguard-aura.jpg"
"Faber-Castell Colour Pencils","[Faber-Castell] Set of vibrant colour pencils for drawing and creative projects.","299","88","ACTIVE","0","0","Books & Stationery","/products/books/faber-colour-pencils.jpg"
"FabIndia Cotton Saree","[FabIndia] Traditional cotton saree crafted with premium fabric and elegant patterns.","3299","97","ACTIVE","0","0","Fashion","/products/fashion/fabindia-cotton-saree.jpg"
"Fitkit FT100 Treadmill","[Fitkit] Motorized treadmill featuring multiple workout programs and incline settings.","21999","79","ACTIVE","0","0","Sports & Fitness","/products/sports/fitkit-ft100-treadmill.jpg"
"Flamingo Cervical Collar","[Flamingo] Soft neck support collar for pain relief and posture support.","349","32","ACTIVE","0","0","Health & Medical","/products/health/flamingo-cervical-collar.jpg"
"Fogg Impressio Perfume","[Fogg] Long-lasting fragrance suitable for daily wear.","499","19","ACTIVE","0","0","Fragrances","/products/fragrances/fogg-impressio.jpg"
"Fogg Scent Perfume","[Fogg] Long-lasting fragrance for all-day freshness.","399","76","ACTIVE","0","0","Beauty & Personal Care","/products/beauty/fogg-perfume.jpg"
"Foldable Gym Bench","[Domyos] Heavy-duty workout bench designed for weight training routines.","7999","41","ACTIVE","0","0","Sports & Fitness","/products/sports/foldable-gym-bench.jpg"
"Forest Essentials Facial Cleanser","[Forest Essentials] Luxury Ayurvedic cleanser enriched with natural ingredients.","975","14","ACTIVE","0","0","Beauty & Personal Care","/products/beauty/forest-essentials-cleanser.jpg"
"Fortune Sunlite Refined Oil 5L","[Fortune] Light and healthy refined sunflower oil suitable for daily cooking.","899","45","ACTIVE","0","0","Groceries","/products/groceries/fortune-sunlite-oil.jpg"
"Fossil Grant Chronograph Watch","[Fossil] Elegant chronograph watch featuring a premium leather strap.","8995","85","ACTIVE","0","0","Fashion","/products/fashion/fossil-grant-watch.jpg"
"Fossil Jacqueline Women's Watch","[Fossil] Premium analog watch featuring a sophisticated and elegant design.","10995","49","ACTIVE","0","0","Fashion","/products/fashion/fossil-jacqueline-watch.jpg"
"Garmin Forerunner 265","[Garmin] GPS running smartwatch built for athletes and fitness enthusiasts.","44990","73","ACTIVE","0","0","Electronics","/products/electronics/garmin-forerunner265.jpg"
"Gillette Fusion Razor","[Gillette] Precision razor for a smooth shaving experience.","499","41","ACTIVE","0","0","Beauty & Personal Care","/products/beauty/gillette-fusion.jpg"
"Global Desi Boho Maxi Dress","[Global Desi] Bohemian-style maxi dress featuring vibrant prints and flowing silhouette.","2699","77","ACTIVE","0","0","Fashion","/products/fashion/global-desi-maxi-dress.jpg"
"Godrej Single Door Refrigerator 180L","[Godrej] Energy-efficient refrigerator suitable for small families.","16990","86","ACTIVE","0","0","Home & Kitchen","/products/home/godrej-refrigerator.jpg"
"Google Nest Mini","[Google] Smart speaker with Google Assistant and voice control.","4499","72","ACTIVE","0","0","Electronics","/products/electronics/google-nest-mini.jpg"
"Google Pixel 9 Pro","[Google] AI-powered smartphone with exceptional photography and pure Android experience.","109999","22","ACTIVE","0","0","Electronics","/products/electronics/pixel9pro.jpg"
"GoPro HERO13 Black","[GoPro] Rugged action camera for adventure and outdoor activities.","44990","61","ACTIVE","0","0","Electronics","/products/electronics/gopro-hero13.jpg"
"Gucci Bloom","[Gucci] Rich floral fragrance inspired by a blooming garden.","11999","85","ACTIVE","0","0","Fragrances","/products/fragrances/gucci-bloom.jpg"
"H&M Floral Summer Dress","[H&M] Lightweight floral dress designed for casual summer outings.","2299","43","ACTIVE","0","0","Fashion","/products/fashion/hm-floral-summer-dress.jpg"
"H&M Hoodie","[H&M] Soft cotton-blend hoodie ideal for everyday comfort.","1999","90","ACTIVE","0","0","Fashion","/products/fashion/hm-hoodie.jpg"
"H&M Oversized Hoodie","[H&M] Comfortable oversized hoodie crafted from soft cotton blend fabric.","2499","47","ACTIVE","0","0","Fashion","/products/fashion/hm-oversized-hoodie.jpg"
"Himalaya Neem Face Wash","[Himalaya] Neem-based face wash that helps prevent acne and pimples.","199","44","ACTIVE","0","0","Beauty & Personal Care","/products/beauty/himalaya-neem-facewash.jpg"
"Home Centre LED Table Lamp","[Home Centre] Modern LED lamp ideal for study tables and workspaces.","999","12","ACTIVE","0","0","Home & Kitchen","/products/home/led-table-lamp.jpg"
"Horlicks Health Drink 1kg","[Horlicks] Nutritional malt-based health drink enriched with vitamins and minerals.","549","39","ACTIVE","0","0","Health & Medical","/products/health/horlicks-health-drink.jpg"
"HP Spectre x360","[HP] Convertible laptop with touchscreen and premium craftsmanship.","139999","77","ACTIVE","0","0","Electronics","/products/electronics/hp-spectre-x360.jpg"
"Hugo Boss Bottled","[Hugo Boss] Warm and spicy fragrance with apple, cinnamon, and sandalwood.","5999","82","ACTIVE","0","0","Fragrances","/products/fragrances/hugo-boss-bottled.jpg"
"HyperX Cloud III","[HyperX] Gaming headset delivering immersive sound and comfort.","8999","72","ACTIVE","0","0","Gaming","/products/gaming/hyperx-cloud-3.jpg"
"IFB Front Load Washing Machine 8kg","[IFB] Fully automatic washing machine with advanced fabric care features.","34999","98","ACTIVE","0","0","Home & Kitchen","/products/home/ifb-washing-machine.jpg"
"IKEA LACK Coffee Table","[IKEA] Minimalist coffee table suitable for modern living rooms.","2999","46","ACTIVE","0","0","Home & Kitchen","/products/home/ikea-lack-table.jpg"
"Ikigai","[Hector Garcia] Japanese philosophy book exploring the secret to a long and happy life.","399","33","ACTIVE","0","0","Books & Stationery","/products/books/ikigai.jpg"
"India Gate Basmati Rice 5kg","[India Gate] Premium aged basmati rice with long grains and rich aroma, perfect for biryani and pulao.","699","12","ACTIVE","0","0","Groceries","/products/groceries/india-gate-basmati-rice.jpg"
"Indulekha Bringha Hair Oil","[Indulekha] Ayurvedic hair oil for reducing hair fall.","432","90","ACTIVE","0","0","Beauty & Personal Care","/products/beauty/indulekha-oil.jpg"
"iPad Air M3","[Apple] Powerful tablet designed for creativity, productivity, and entertainment.","59900","48","ACTIVE","0","0","Electronics","/products/electronics/ipad-air-m3.jpg"
"Jack & Jones Denim Jacket","[Jack & Jones] Stylish denim jacket perfect for casual layering.","3499","78","ACTIVE","0","0","Fashion","/products/fashion/jackjones-denim-jacket.jpg"
"JBL Tune 770NC","[JBL] Wireless headphones with active noise cancellation and powerful bass.","8999","72","ACTIVE","0","0","Electronics","/products/electronics/jbl-tune770nc.jpg"
"Kama Ayurveda Rose Water","[Kama Ayurveda] Pure rose water toner for refreshing and hydrating skin.","450","28","ACTIVE","0","0","Beauty & Personal Care","/products/beauty/kama-rose-water.jpg"
"Kellogg's Corn Flakes 875g","[Kellogg's] Crunchy breakfast cereal enriched with essential vitamins and minerals.","399","90","ACTIVE","0","0","Groceries","/products/groceries/kelloggs-cornflakes.jpg"
"Kent Grand Water Purifier","[Kent] RO+UV+UF water purifier ensuring safe and clean drinking water.","16999","49","ACTIVE","0","0","Home & Kitchen","/products/home/kent-grand.jpg"
"Kookaburra Cricket Ball","[Kookaburra] Professional-grade cricket ball with excellent durability.","699","56","ACTIVE","0","0","Sports & Fitness","/products/sports/kookaburra-cricket-ball.jpg"
"L'Oreal Paris Revitalift Serum","[L'Oreal] Anti-aging serum with hyaluronic acid for youthful skin.","899","59","ACTIVE","0","0","Beauty & Personal Care","/products/beauty/loreal-revitalift-serum.jpg"
"L'Oreal Total Repair Shampoo","[L'Oreal] Repairs damaged hair and strengthens hair fibers.","399","12","ACTIVE","0","0","Beauty & Personal Care","/products/beauty/loreal-shampoo.jpg"
"Lakme 9to5 Lipstick","[Lakme] Matte lipstick with long-lasting color payoff.","550","71","ACTIVE","0","0","Beauty & Personal Care","/products/beauty/lakme-lipstick.jpg"
"Lakme 9to5 Primer + Matte Foundation","[Lakme] Long-lasting matte foundation with built-in primer.","549","78","ACTIVE","0","0","Beauty & Personal Care","/products/beauty/lakme-matte-foundation.jpg"
"Lakme Absolute Perfect Radiance Face Wash","[Lakme] Brightening face wash enriched with micro-crystals for glowing skin.","249","41","ACTIVE","0","0","Beauty & Personal Care","/products/beauty/lakme-absolute-facewash.jpg"
"Lakme Eyeconic Kajal","[Lakme] Smudge-proof kajal with long-lasting wear.","199","22","ACTIVE","0","0","Beauty & Personal Care","/products/beauty/lakme-eyeconic.jpg"
"Lakme Sun Expert SPF 50 Sunscreen","[Lakme] Broad-spectrum sunscreen providing UV protection.","399","94","ACTIVE","0","0","Beauty & Personal Care","/products/beauty/lakme-sunscreen.jpg"
"Lanc??me La Vie Est Belle","[Lanc??me] Sweet floral fragrance with iris, jasmine, and vanilla.","9999","93","ACTIVE","0","0","Fragrances","/products/fragrances/la-vie-est-belle.jpg"
"Lay's American Style Cream & Onion","[Lay's] Crispy potato chips with a rich cream and onion flavor.","20","32","ACTIVE","0","0","Groceries","/products/groceries/lays-cream-onion.jpg"
"Lenovo Yoga 7","[Lenovo] Versatile 2-in-1 laptop built for productivity and entertainment.","89999","65","ACTIVE","0","0","Electronics","/products/electronics/lenovo-yoga7.jpg"
"Levi's 511 Slim Fit Jeans","[Levi's] Modern slim-fit jeans offering comfort and timeless style.","2999","18","ACTIVE","0","0","Fashion","/products/fashion/levis-511-jeans.jpg"
"Levi's 512 Taper Jeans","[Levi's] Tapered-fit jeans combining contemporary style and comfort.","3299","33","ACTIVE","0","0","Fashion","/products/fashion/levis-512-jeans.jpg"
"Levi's Women's Skinny Jeans","[Levi's] Stretchable skinny-fit jeans designed for everyday comfort and style.","3299","86","ACTIVE","0","0","Fashion","/products/fashion/levis-womens-skinny-jeans.jpg"
"LG Double Door Refrigerator 260L","[LG] Spacious refrigerator with smart inverter compressor technology.","32999","85","ACTIVE","0","0","Home & Kitchen","/products/home/lg-double-door-fridge.jpg"
"LG OLED C4 55-inch TV","[LG] Premium OLED television with stunning visuals and deep blacks.","129999","74","ACTIVE","0","0","Electronics","/products/electronics/lg-oled-c4.jpg"
"Libas Embroidered Kurta Set","[Libas] Beautiful embroidered kurta with pants and dupatta for ethnic styling.","2799","79","ACTIVE","0","0","Fashion","/products/fashion/libas-kurta-set.jpg"
"Listerine Mouthwash","[Listerine] Antiseptic mouthwash for oral hygiene.","299","84","ACTIVE","0","0","Beauty & Personal Care","/products/beauty/listerine-mouthwash.jpg"
"Logitech G Pro X Superlight 2","[Logitech] Ultra-lightweight wireless gaming mouse built for esports performance.","13995","92","ACTIVE","0","0","Gaming","/products/gaming/logitech-gpro-x-superlight2.jpg"
"Logitech G29 Racing Wheel","[Logitech] Force feedback racing wheel delivering realistic driving experience.","28999","85","ACTIVE","0","0","Gaming","/products/gaming/logitech-g29.jpg"
"Logitech MX Keys S","[Logitech] Premium wireless keyboard designed for productivity workflows.","11995","47","ACTIVE","0","0","Electronics","/products/electronics/mx-keys-s.jpg"
"Logitech MX Master 3S","[Logitech] Professional wireless productivity mouse with precision tracking.","9995","10","ACTIVE","0","0","Electronics","/products/electronics/mx-master3s.jpg"
"MAC Matte Lipstick Ruby Woo","[MAC] Iconic red matte lipstick with rich pigmentation.","2300","95","ACTIVE","0","0","Beauty & Personal Care","/products/beauty/mac-rubywoo.jpg"
"MacBook Air M4","[Apple] Ultra-light laptop powered by Apple's M4 chip for productivity and creativity.","114900","18","ACTIVE","0","0","Electronics","/products/electronics/macbook-air-m4.jpg"
"MacBook Pro 14 M4","[Apple] Professional laptop designed for developers, creators, and power users.","199900","60","ACTIVE","0","0","Electronics","/products/electronics/macbook-pro-m4.jpg"
"Maggi 2-Minute Noodles Pack","[Maggi] Popular instant noodles ready in minutes with signature masala taste.","168","69","ACTIVE","0","0","Groceries","/products/groceries/maggi-noodles.jpg"
"Mamaearth Onion Hair Oil","[Mamaearth] Hair oil enriched with onion extracts for hair growth.","399","28","ACTIVE","0","0","Beauty & Personal Care","/products/beauty/mamaearth-onion-oil.jpg"
"Mamaearth Ubtan Face Mask","[Mamaearth] Face mask that helps remove tan and brighten skin.","499","54","ACTIVE","0","0","Beauty & Personal Care","/products/beauty/mamaearth-mask.jpg"
"Mamaearth Ubtan Face Wash","[Mamaearth] Turmeric and saffron-based face wash for tan removal and glowing skin.","299","81","ACTIVE","0","0","Beauty & Personal Care","/products/beauty/mamaearth-ubtan-facewash.jpg"
"Mamaearth Vitamin C Serum","[Mamaearth] Vitamin C enriched serum for glowing and radiant skin.","649","63","ACTIVE","0","0","Beauty & Personal Care","/products/beauty/mamaearth-vitamin-c-serum.jpg"
"Manyavar Mohey Designer Lehenga","[Mohey] Designer lehenga set featuring intricate embroidery and festive elegance.","8999","34","ACTIVE","0","0","Fashion","/products/fashion/mohey-designer-lehenga.jpg"
"Maybelline Colossal Kajal","[Maybelline] Waterproof kajal with intense black finish.","179","21","ACTIVE","0","0","Beauty & Personal Care","/products/beauty/maybelline-kajal.jpg"
"Maybelline Fit Me Compact","[Maybelline] Lightweight compact powder for shine control.","249","24","ACTIVE","0","0","Beauty & Personal Care","/products/beauty/maybelline-fitme-compact.jpg"
"Maybelline Fit Me Foundation","[Maybelline] Natural finish foundation suitable for normal to oily skin.","629","33","ACTIVE","0","0","Beauty & Personal Care","/products/beauty/maybelline-fitme-foundation.jpg"
"Maybelline Sky High Mascara","[Maybelline] Lengthening mascara for fuller-looking lashes.","799","26","ACTIVE","0","0","Beauty & Personal Care","/products/beauty/maybelline-skyhigh.jpg"
"Maybelline Superstay Lipstick","[Maybelline] Transfer-proof lipstick lasting up to 16 hours.","699","45","ACTIVE","0","0","Beauty & Personal Care","/products/beauty/maybelline-superstay.jpg"
"Meta Quest 3","[Meta] Advanced mixed-reality headset for immersive gaming experiences.","59999","16","ACTIVE","0","0","Gaming","/products/gaming/meta-quest-3.jpg"
"MI 2026 Official Jersey","Official Jersey of Mumbai Indians 2026 Edition","3999","150","ACTIVE","0","0","Fashion","data:image/jpeg;base64,/9j/4AAQSkZJRgABAQAAAQABAAD/2wCEAAkGBxMTEhUTExMWFhUXGBcYFRcWFxUXFxYYFRoXGBgYFxgYICggHh8mGxcYIjEhJSkrLi4uGCAzODMtNygtLisBCgoKDg0OGxAQGi4lHyUtLS0tLS0tLS0vLS4tLS0tLS0tLS0tLS0tLS0tLS0tLS0tLi0tLS0tLS0tLS0tLS0tLf/AABEIAPsAyQMBEQACEQEDEQH/xAAcAAEAAQUBAQAAAAAAAAAAAAAAAwIEBQYHAQj/xABKEAACAQIDAwcHCQQJAwUAAAABAgADEQQSIQUxQQYTUWFxgZEHIjKSobHwFCNCUmJygsHRM0OishVTVGODwtLT4SQ0k0Skw+Lx/8QAGgEBAAMBAQEAAAAAAAAAAAAAAAECAwQFBv/EADURAAIBAgQCBwcEAwEBAAAAAAABAgMRBBIhMUFRBRNhcZGhsSIyUoHB0fAUQmLhIzNy8cL/2gAMAwEAAhEDEQA/AO4wBAEAQBAEAQBAEAQBAEAQBAEApVwb2INjY9R0Nj3EeMAqgCAIAgCAIAgCAIAgCAIAgCAIAgCAIAJgGpbN8oWEr44YKiWdiHtVAHNFkBJVTe50B1AtpoTNZUZRjmZFzbZkSIAgCAIB888iuXpwePxLuzVMNXrVWfezC7nJVUcTawI4i31QJ2dRmprmVvZnbtj8qsFijahiaTt9QMA/qGzeycsoSjuibmYlSRAEAQBAEAQBAEAQBAEAQBAEAsNr7aw+FXNiKyUwdFzHzmPQi72PUATJSuDQOUflOrBb4PBOVOnP4j5umv2il82UbyWK7pMere8g1JcDk+1uV2PxLNz+KqMDcZab5aVt1gtOysLcTfTjPTo0YJXt4mTbKeS20Pk2Mw1cfQqrf7j+Y/8AAzTWvDNTaEXqfVE8U1EAQBANV8pu32wez6tRP2j2pU+pqmmbuXMe0CaUoZ5WIbsfMyU7C3RPWUTO5UmHzt6SKRqC7ZRcdDHQHttu3zGr7Kva/cFqdB5Mcodr4RQRXp1qVr83Wq86tvs11uFPR85bqnBUqUW7ar5GsYSOicnPKlha5WniAcJVO4VSDSY/YrDzSL9NpXJpeOqD03N7BvqJQHsAQBAEAQBAEAQBAEAxPKLlJhsFT5zEVQgPorvdz0Io1PuHGWjFy2BzXbPL7aOJBGFojB0v62uV5y3TZvNTv38DJbpw3d3yQSb7DSMbgKuZaq1KtaudHNUtmqjoXUVAt7bjltmu9iBJhXjNNTVl6fnj2FpU3F3RhMdto86RQyqlrGy0/OJ61Ubju7L3M3p4SNva3KOq+BYI09NGRd4SqBUplr2DoT2BgTbukz91kH1Zs/aFKugqUaiup4qb9x6D1GeDKLi7NGyaexdSCRAPGNhc6CAcQ8r3LrDYqmuFw5z5KodqlxkJUOtl6fS37tNLzvw1FxeZmcpJ6HLSZ2FSTD4pqbB0tmG7MqOPVcEeyUqRU1Zk3sZqnytqNYVqaVADfTzWH3WIbL3ATilgI/tbRpGs1ui65gYk862b5PfzVLAEsBlOdrkBx0OwJDAhmAyTGTVFZV735+fQsk5u/AzfJ/am0MBb5LXFWj/ZsQ1iAOC5rFfvDKnUZmq0J+8rPmiZU3HY6pyS5d0Ma3NMrUMSBdqFS1yPrUm3VF0Oo7bSXG2q1RU2uVAgCAIAgCAIAgGE5X8o6eBw5rPqx0ppexd+jsG8ngO4TWjSdSWVESdkfNuN2vWr4h69dmeoxN2U5WtrZEYhubUdCjd23no/pklZef24mPWE9Db9Sn+yp0kG42DFzf61YtzngwHVKywMJL2m3+ctiVWaeheU6G0cetqNH5s3HzSJRpEj0izm2e3G7NMJRw2Her9rt1ZbPOatwPaXJ3CYa/yiv8oqj9zhiMinX9pXYa9ii4m1KGIrf61lXOW/yRjOtTp76vsMTVwKliVBUXNluTYaaXOvHo4T0o0LaN3Zh+pb1seDA8bm3gfHf8b5Lo8yOvZf7K2zicFXL0qrC2ovqGXirj6QHQb9WsxrYZO6ZalXvZo7tyF5a0toIRbm66i7U76Munn0yd66jrF+sE+LWoSpPXbmd0ZqRtLuACSQABck6AAbyTMSxwXyjcvnx7thcMxTCg2dxo1YbtehOheO89A9PDYS2st/T+zmqVrbGl/IwBawsN273/8AE9PqrK3A41VTdyungktul40o2KTrTT0YwlBFe7UhUXW6sWA3kaFCGvp7Zz1KGZNRbXcdEa7SVyfEbHo1dcMxpuf3FcixPRSr6KeoPbtM4mq1H/YrrmvqvsbxqQnto+Rj8PXr4WqcpejVX0gQVP4lbQjtBEu4Uq0dUmiylKL0L2tynrsCrCiVJ85DSTm3O+7Ux5oN9cygHrmKwVJaq/iW62RjauLIcGmOasQyqrNam2/PSLEspuOnhx3C3UWerv2/cZ7n01yE5Rrj8GlbTnB5lZR9GooGbuIIYdTCcFWnklY0TujYZmSIAgCAIAgFNSoFBZiAACSTuAGpJgHzhy75StjsUz682oZaK9CfWt0tvPcOE9zDUVSjbjxMG7s1kDU9vx7JuZyKqVItcAa6+zeYSuyrdtWbHisfWamKIqMKSLkVFOVLDpA9Ik3JJvqTNY4OjBuaj7XN7nC685tJvTkY9U6Nfb+f6zVJ8BJxvZhF14Hf+Q+N26I+8Jv2RWtx+NVvbuvE2RST1PMTRzDU7tb/ABr7TEotrViNRJ6Iq2Li6mHqh0JUqbqV3o1hc2+qTe43anpMz6uFSLhNaehrKcotSjv6m+8u+WtTFYCjSp02ptXzc8folaZysqG98rN08BbjPJw2E/zSi/2nbVrpU1Lmc8SiEFhfgSeG8b7dQM9ZxUdDhUnLUlce8e8TSWxnBalNJTYe3hY8eHTKJNrQvJq+pSBY9f674WkhLWJ69UbmFxu8SPyvLTlzK01yMnSxqVFFKunPUhop9GtRuR+xqHS32GJU6aCcNbBNvPQ0ly4Pv+5008Rl0nsYXlHspKDKaNbnqFQZqb2ysCNGp1F4ONOjeNJy0K0p3jUjlkuH1XYdcktGndGJqj0D2jwBM6J8CsToPkc2+cPjhRY/N4gZCOAqDWm3fqv4h0TlxVO8L8jWL1PoGeaaCAIAgCAIBpHld2vzOBNNT51dub/BvqeKjL+KdWDp5qqfLUpN2RwKofOHYR7jPa4mRNs/CNVrLRW2aoQFvuuTa56tZlWqxpRc5bJXIUXJpI2vadGhh6KYeiQxNnxFU73c3slwdFXXzQd54kGYdGxq1b4iqrX0iuS597McXOMX1cNbb95harMwPRw436OGvh+s9iV7HBFxvoVKotvFtfeZMdik3qRAA8esdGpJ08eEzSuauWUyuyeTtTEFAm53ann3qCqMxDWObdrutu6ROatWjTvff8RrSi57EG2dnPQqPRqWzDTS5DXFwV6QQZvTqxqQzLiYODhOz4FmKYa/aeg79d2o3GWUEyZTcdiepWB80ZgEULqSRcszMegAlrW6hMqMcs534v6F6rcoQ7i1cXPeOo77XA3/AEuqaPVkRuolaYUkhVBZmIVQLXJY2A01OplZqMU2yYzcmkbjhORdOjTNXGV8irlzCmBZc5GUFyDcm43Dje9rGeY+kXtTXzZ1rB3fteRdf0fhACU2fUcC92q1mTjYNlUm17aXt+U4pdIzeubwR1wwUU7erLXA7GwOOL00ovh6662FdXFtBcK5JIuQLhRvFyLgzaOMqWzXuu4iphOrdreBqO2dlth3ak5s2W6tuDjVdRwN1YEa6qd+hnrUayq08yPLcXGZJsV6Tl8PXFlqgIW4q+opOpO4g+b1hrG4vODpOM+rVan70fNcUduFaz5Xs/UwvKHY9TC1BSqjUXKsPRdSLBl/TgdJWjiYYiEZw/8ADd03CTTLWjVZCHQ2ZSGU9DKQVPcQDN2k1ZkH1dsXaC4jD0q67qqK46swBt3bp4klZ2ZsXsgCAIAgCAcS8tW0+cxaUQdKNPX79WzEeqqeM9bo+FoOXMxqPU5vWG4zvZUvNi4vm62YDzubqqh4q7qQrDrBI8ZjVo9c4x4XV+1ciJTyRb7Dd8L/AEeObplWdwEBKqzeeLEqFc83a4IOh0PEiWqrEu7vZcOGnqcUOq72Zpa9O+VMGwALMqVEpBGICozFQdNUp3Kg2zNpqJySUrXdS/c2axy3soW8BkWkwNKgKgYi5VqYTNZaKIlQgG4yNcgXvUN5CvNWlK3jfnd/nAltReiv+WMVW5S80WU4bJVy5bmsWF3DMMwtZiGdm1NyCBwm9PC57PNp3Gc62XS2pYbK5WVMOoWmoOVCtPMxKrnYFmy/SNwoGtha3Gb1cJGpK7feUp1nCNkjC4uq1RmqOS7tqS2tz+nVuHCdcacYRtFHP1kpPVkVLTTrG7XgB+UmLsJpvU8oWLP97v3ezdKws5S7y9S8Yx7hVFjwsLW8SeH3ZMlqVg9NSbB480aiVVFyhDAHceq+7XXUd0zrQVSDg+Jek3CalyN823iExS0/P5qpcnKRvK2DBnFVaf7saMCfM3CfPqhKMWnquf8AR7cKuWeZLUuMPhcS9Eq1fDiwu/NvzhVR2Wu53Ddv33AnL+mpxetzaVVzd0irZtAUWqWwtbnGekwtlbzmFmYW80C5NzcXz7gBps4xaUb6FLSvc0zlFgcRWqu7gld3nI9LKo3XU3txJOYAlr8Z6eHxFOEchw1MLNvMjVW0sLixuuY6bxcXtxuBrO7Rq3BnLrcn5WbbfEthw5u1KiFY8WYsSxNuNgt/+Z5lPB08NOXV7Oz7uw7o1pVI+1wMM3Ad86JEnd/IbtfncE+HJ87D1DbXXm6t3X+LnB3TzMVG078zSLOkTmLCAIAgHjMACToBqe6AfL+39o/KMTWrn947MPuk2UdygDun0VGGSCic7d2Y15oQRUK2WojdBJHXodPjqkQdpopVjmptG17NrtSZWXeBbXXeGBPifGdtWnGosr2PKjNx1ReV9s4jNnNQ5jbUBBoDfo7O3ToEw/R0krWLrETbvctRj3CKme4T0VKqcugBsCLjcL+JlnRp3vbUjPPa5Zu5clmNybC994AAA6LAAADdLQgoqyE5u9yN9D4du8Hj2dPGSwm2j2o+nHwPDXtktlYx1Kqabr62JHgbSEG7PQio6O5sbE6fHxumcNJS7zWos0Y2fAkqNxHDv1AJ14Dj090uykVZWK1srBst7EEjdexva/XInG6aIjJpouE2oob0X1IZjmGY2ynL6IGW4YkWPpnUaTh/Su2/doej+qXCOj3Lp9vIyUqbIctJQqlVQMRdL59bm4FtSN98u62X6Od21JamqxkLe6w23LmoxereoU5w2W75aiuNQVKfSXS9gRqbay8FJJWtp+f2RHGwbd0z0bfzee9RucJuxPEEKthlGpsmjArqZlLCSWitY1ji4Wu73NSx+IdizN6ZIZtAL2tcgDcba9dzxnW45Y2XA5FLNO74mLo669PuG4eExTu7nUlZEpNyT3SXqSb15Gdq8ztIUybLiEamRwzr56H+Fh+OcmKheF+RaL1PoWeaaCAIAgGteUbaPMbOxDA2Z15pem9XzLjsBJ7pvh4Z6qRWTsj5zP6z3zAoeGSWlRrEE8GB8DrMpOzuGrqxtOEYZVOuoGvq756cXdJnizvdomqt2Hj4WPuEllIHlVAL+wcJDQUnsQofga8APylS8lcpB1+OI/8ArI4k7IVF0NtL6d0MRd2eZ9Ld57+3dIJcbs8w439d9PVt74REySoN3RroLdQ/MwxA8ZvH47/ZAykSrwPVw6NP0lUi8nxKaotbh3dY6JDJiymo4tqOj4vIbViYxdyG9h+ugPfKF76mM2jVAUDcf+LTmqysjppRvItaOg6+EzjsdRMq7hLWBPgcaaFenXXfSqJUFuPNsGt32t3zOccyaCPrSlUDKGBuCAQekHUTxTYrgCAIByvy54+yYagOLPVb8IyL/O3hPR6Ph7TkZ1GchaesZFDmQySxxMwqEo2LZbEUqYO8KtuywM78NK9JHlYiNqjMgy29u+3EToaOVO7K6rD44a31kMiK1IhT4HUjTwNvylHoXu76DmWvfKT2KeFxv3cT0SjnHmaKLtsVVMLUP7t/Ub3WlXUhzXiTGElwJE2fVI/ZVCenm2/SR1sPiXiiHCXJnlPZlf8AqKp3/un4npt9kfrHXU/iXiizhJrZkx2ViDb/AKeuP8Gp4+jYQ61P4l4oiNOS4PwKl2TiNL4etu/qan+mOvp/EvFFXCXJ+BbtsuuN9Ct30nH5dXV3yOtp/EvFGmSTWzLLE0ypsQVP2gQd4O7u4ycyezCi1uR1Bpe2trwwnrYt3YBSO0TJs1S1MJtJdwtoTv4A/wDIv4TirvVI7KPFnlKWibE6b5cEe+VsD6c8nON57ZmEcm5FIIT10r0zfvQzx60ctRo1WxskyJEAQDgHlZ2hzu0agBuKSpSHRcDO38Tkd09rAwtSvzMZvU01p2lC2dpRsks67TlqyLJG8umbCYWutMZeZpo2U7nS4LMD03366x0XiopyoS967a+xy4yhJ/5FtsyAV9BpbtM9y9zylCzMrTppSQVHUMz/ALOm18oW+XO4BBIJuAotexJ0sDzTlKpJxi7Jbv6L6s0ilFXlq+C+rMryTrVMXX5lq9SkuVmHMlaYFitgFUADQ9F9JyYuMKMMyim78dTooZqk8rdl2GBfamIzEc/W3kftKnX1zojSptJ5V4IylOS4vxI6u0a1v21Xr89+g9ct1UPhXgQpy5soG0KltalT129tzp3x1cPhXgHKXMLVqnXNUIsTve1gbk36BffCjTvay8g5StuyipWP1jvva/QCfyl8keRVSfMCsRxOnX8H44yMq5E3fMJinB0dhv4kdB6euRkjyROaXMkO16yi3OFl4pU+cQ9RR7jw1mc6MHwt3aF4TlzINoc21LnqYyi+R6dywRyCVKk6lGCta+oKka6SkZNezL5Pn/ZfJf2kYerX0vpxlWy6Ra7aBSlTUnWoczLbcEBCanj57E908mVfraumy0uejCl1cdeJZUd07YkEw3dZ900ICjWAdv8AILtDNha9AnWlVzAdC1Vv/Ornvnl4yNpp8zSD0OnzkLiAIB8x8qsDiKOKqjEqVqM7uSb5XzMTnQ8V14btxsZ9BQlCUFkMJJ3MOWm1yCCqZnJg92Dso4vF0MMDbnaiqT9Vd7EdYUEjrtOCtKybNEbtgHVK+KwoX5pMRiFpp/diq4Cjs4ds469CcYRrR0emvb/ZpSqwcnTl+Ixu18C1Brb0YXpt9ZejtG49x4ie7gMasTTzfuWjXaeTisO6M7cOAxtUsKdS5s1Omuu4GiBSI/gDfinTS0zLtfnqc9Rap9hkeSm1/ktdaxXPYMtr5TZh02PVK4mh11PLewpVerncv8RjcLVulLBMKrmyNz7tZ23HLax1bcbCYxp1qdnKp7K7OBdypz0jHV9p7UxRSpTo/JPnEq0myE52bKpBp2yk2fMGPAW4zNU7xc8+jT1/ORfNZqOXU8xGKOHPNth8lRadVLsyM4NVw6ucq71AsBvseEtCn1qzZrq658FYrKeR2tbR+Za4XbhRVHN6hK6MwbKzc+4Oa+U2K5bC9734S88Nmbd+KfgVjVsrW5+ZHU2tfDjDhWABuzZ75tdBkK+aBfQBhrrrLKhar1l/L+yOs9jLYx6toOydBkQu9tfjX/8AB/zIZexbVnJ6v13/AJSjZaKsVNVy0Kv23pKO7O5PcAB+OctT318zop7P5EWycEX+cYeYp0H134Ds1F+0DjPPx2JyLq47vyR24WjmeZ7Ixu3MLWcHE5b0Uq8wWH0amUNYjeLjceq05aMFCx0VJXZZUzPTiYkw6en2TQg9DdEgk3byOY+rT2kq00LrUU06wW9kX01diNBYrbX6xG8zkxcU4XZaO59ETzDQQBALHa+x6GKTm8RSSou8Bhqp3XU71PWCDLRnKDvF2Bz3a/kcosScNiHpfZqKKqjqBureJM7YdITXvK/kUcEa1ifI1jr2Wrh2HSWqKfDIffLvHRe6ZGQ2TkB5KDg8SuKxFZaj083NpTUhQzArmZm1OhNhYb7zlq186skWSsa1QwOba1dBp8/Xbr85m/NgZ14ypk6OvzsctBXxfdcy+2sEr4KrmA+bK1KZ4eeV0HVZivcJ5/RspU8dFLaWj+X5c3xlp4dvlsaZhStQcwbAglqTGwAZgAUYncGyix4EDgTPqp3i86+fdz+XoeKtVlfyIQhUlWBDA2IIIII3gibJpq6MpJ3MlsB7Yqgf72nf1l490xxKvSl3M0ou013m+VcbRXGYqmGWliKmUUsQQGUE00GX7Oo38e4A+Oqc3RjLeK3XzPQc4KpJbN7M0ursmotSstYlWpo1Vm9PnAGUXU3Fyc17noN56SrxcYuC3duVjjdKWZqXDUlXk6ecyCqp+ep0iQt7LVTnBUOvoi9j18ZT9Wst7cG/B2sT1Dva/GxHT2SgoPVLnSmzqFC5Qy1AmRmvfMRdsttxBvJdd51FLj9AqSytt8DypsZA9NBXGV84zspSxRcwGRjm1NlBNgSe6QsTJxby7EuirpX3IaeyaZLA17AGiutMg3rEg6ORonE7iDwk9fKy9nn5fcdWr78vMwj0WNQ0l88hiqhRfMQSPNA6bS+dZcz0GXWxFtQgZaQIPN3zEag1GtmsRvACqoPHKTuM507vM/xG1raGzYbCZcPh14lM5/xL28M6eE+bxFTPiJy5aeB61BZaUUZ7yUbDp4zZmPoVR5tXEuLi11Ip0irrfiGII7J2VXlce5GcdbmGxPkUxqm1Ovh3XpZqtM+qFb3zeOLjxTIyl3gvIniCRzmJop05Eeof4ikl41LaIyG4bH8kuApWNXnMQ3941k9RLAjqa8wni6kttO4lRRuuAwFKigSjTSmg3LTVUXwUWnO227ssXMgCAIAgCAIAgHG9s3p7bqBNC5t31KKn+bWenVip9Hpvg0/CRwxeXFNc19P6J+UuJBwNbKLA/Jiv3bUbAePjeef0bdY6N+UvqdGLS/TvvX0OfUktvn2SR4LdzJptIkZalOnVA0BqK2YAbhnRlYgcLk24TF0Fe8W13beBbrHxSZIMdS44Wl3PiR/8sq6U/jfgvsSpx+HzZIcbR/sqf+SuP88r1VT4/JE54fD5sDFULf8Aap/5K/8AqkdXU+PyRbPD4fNlD42j/Zafr4j/AHI6up8b8F9hnh8PmzxsfS/stLvbE/7sdXP435fYZo/D6lDY9P7LQ/8Acf7sjqpfG/L7FlNfCiNdpLf/ALbD+Ff/AHY6p/G/L7DOvhRaVtqvcogWkraMtJSuYdDMSXI6ibdUz6tKWuveaZnl007jE1ZWW5aOxu2JxfzK1BwoUyO+k7W9aks+XVP/ADSg/i+v9nsqX+NSXI3nyIYfLs2/1q1Q+GVP8s7sV/ssc9H3bnQJzGogCAIAgCAIAgCAIAgHGuVz5dtM3QaTHsWkpPsBnrJX6Pa5/c4G7YtfnAxHKDaHzSUAdQKWf8FNQB6xPqiR0VhX1rrvtS+bf0GOrWgqS7L+Bgl3z6E8hnl9YIKw2vx8cZARJaVZYrBlSSNhBJSwkEohZpBdEdOQiWQYzRgZlPRl4bFvV3/HXMZGsTNbMxeaiaRO4FfwsKir/FVE8XFUslbOuOvzVvselQnmp5eR2fyU0Mmy8P8Aa5xvWqOR7LSuJd6rFJWgjbpgaCAIAgCAIAgCAIAgCAcM8oVW20q7daDXdrSQEHqt759Dg6anhYx/NzyK83Gu3+bFltXBc3haTuL1ajCoxO+1QVDbwRD1EmZYPEKeKlTh7sVZfK31uWr02qKnLdv1uYQGeyeewDJKsk+PjwgFeaVJRWsqyxQx+PjtkEkdRhIZZEDmUZdEdJtYQZTjdZSqXplmzTnZsjKUMKPk3PL6SMQ/2lYlT4XT1iZ59SonX6qWz27/AMudUIuNPOjuXkuxoq7Mw5+qHpn/AA3ZfcAe+cVeNqjR0wd4o2uZFhAEAQBAEAQBAEAQBAOXcqMDSbEY2o4vmNNOyy0cxHa2ncemaTxtSLp0qfC79TJYaDzTlxsvQ1zls5IB+jnsv4UW/tYzo6BXtt/x9WU6TtkS7foatPqUeEypTrJIZLBAMhko9DSpYpZpUsiJjKlkRMZVlkQq2sqnqWZJW1EmotCIOzMcROU6TYOTbXpup9Fs6nsZAf8ALPC6SbhVjJb6PwZ6WESlTcX+aHUPIhX/AOiq0j+6xFRR1h1SoD/GfCTWlmtPmhFON0zokxLCAIAgCAIAgCAIAgCAcu5R0s9dqX18SAfuqxc+xZnh5JVp1Jfti/PRepaun1UYri15amucq6gOEwZ+kzYhm9cAeyer0LG1Wpbgoo4OkXdLvbNUbhPpEeQyWnpJKskggpZpVkpFIMqy6RQzSpYozSCxS26VZKLUnWZmlidTea7oz2LKroZxPRnUtUZzZRy4QtxNVvBaaj3tPD6R9qql2L1PTwWkW+86R5FyQ2LXhbDv3sKqH2U1mNOV6aXK6NKsbT7zp0koIAgCAIAgCAIAgCAIBzPbIy4yo3RzrDtOUD2Fpyu9pLnKK+pvvl7E2aVykuEoIfoI1vxEMffPoehd6r/l6Hk9Jfs7jArPdR5TK1MsUZJmhhERaUNEinNKssihjIJKSZBJ6DIJLapvmT3NESUzLxZRogxA1nNVVpG9N+yZnZK5qKg7lqNf8ZpD9J4GO/3/AC9LnrYX/WdP8jtIhcSx/ulv1pzoPv8AbOamtW+ZrUeiOjzUyEAQBAEAQBAEAQBAEA5xyuFsVWA/qg3rBv8ATMZL3e2a9EaQfvf8/c1Dl1Sythz9akD/ACz2uhN6q/keXj3dQfYasJ9CjzGVoJJRntVpEiYoty0zbND0QDwyCSN5VlkeI0gk8rCUmWiUU2iLEkeVumUrLS5ak9bGZ5MXdK1MbxTd17bL+aieD0hC04T7Uj08NL2ZROg+SHahOJxWH+iadKsvUdVbxungZzxhamn2teB0VJXn5nU5BUQBAEAQBAEAQBAEAQDRuUeHzY1x9egB6hH+4JlXbVNPlNen9CD9trmvz1NP5cUc+EwNYD92A3VmSnv7wZ7PRTUMTWp9t/Nnm4r2qUJGkz6BHnMmQSxRlvVeUkzSKIxKliq8A8JkAoaVZZEZlSSrfD1CIdxmaNGVM2lpaWqKx0ZsPk7p3xTD+6f+ZJ4XSmlJf9I9HDe98jL+TWoaO1qGYkDEYbKvQSEDe+ifHrmejpStwkza7zruR3WcxoIAgCAIAgCAIAgCAIBpe0FP9Jjrp1O42wxP8olK9nh5Ltj/APRntUT7H9DD7XpD5KtN/RSvUpHqVmrUk8M9M9ok06zhiJSjvlUvCzfoyvVqUFF7Xa8bo5fVplWKneCQe0aH3T7SlUjUgpx2ep4lSLhJxe6PXNhNDIs3OsyZserCIKpIPDKklDSrLFJlCx4DJIKKomb3LxZQeEm5NjZuQFcJiGPSAPYx/wAs8Ppheyvzkd+D1uZKu4w77MxP9VVoo/3KirmPcM3jOLDVM1SrT56+B0TjZRl8jvMFhAEAQBAEAQBAEAQBAOaYTay19pVWX6FSug7KaUKZPeymVx1N0qN+aj6y+hnTkpytyb9EUbcN6Fcg/wDqAR+Gsl/aDMKUr4mC507eMWXatTb/AJfVGicoqOTE1FO8EX70Uz6zoZ3wUPn6s8jpBp4iVvzQw1epPRkckUWwMzNCUSxU9kA8MhklJlGWKTKligyQeSGiUR9UzvYvubUMA2GWlwZ6tMabyxIv3WBE+XlWeLrTk/dimeyoKjSUVu2i45S0DVw70hvAVl6zTQIwHcL/AIxMMLVjCtGo9no/nsWqQbg4rdHcthYznsNQrDdUpU39dA35zpkrNozRfSCRAEAQBAEAQBAEAjr1Mqs3QCfAXgHFPJ5Ryq2Ic+c2bf8AVBUsfWB8BHTldymsPHZW8XsjPA0kouq+NzL4yofkiXFmqvTJB+tWqhyO658JzUPax8rbRi/CMbGk/Zw65trzZqHLHEB8biGG7Pb1FCH+WfX9FRy4Omnyv46nh4t3rSNcrNOyRlEpQSCSSCCoSQDIZKIzM2XPJAKWEgkoMAkw1QLURzuV1J7AwJ9gnPXi3CSXJm1N6o6Fyprq+Jwara16zdpCDKfjpnyWGdsLXfHReZ68l/mgu/0MRiqpBfqrKPWSmvuMzhtFfxfk2zoe7fadg8npP9G4QHetFUP+H5n+Wd8pZndcTmtbQ2GQBAEAQBAEAQBAEAtNrtahVOmlN9+70TvgHI8FRR2AUFaZVaaaWDUt9UqPqtZFzd43i/JOrOgnKbvK+Z9ktop9q1djVQjU0Wi2+XH7E+3NqJz6gm9PD3q1LcaliKdMfauff0GdPR2Bq/p5S/dU9lf87yZz4nEQ61LhDV9/BHPcVXLEsd7Ek9p1M+0hFQgorZKx4Mm5SbfEsibmQW2JEkkFYgg9EANIZKIzM2XF5APDIJI2EAp4SJIsmZ2jtTNToOf2mHfzhxak1hcdJFgD234zwpYLLUqQXu1Fp2SR6Kr3jGT3i/Iyu0qeYkIQecCtTPDOliNesBD2K08Ok8tsy91tPuf4z0pa7cdV3nT/ACUV82z136VawsfokuWK9xYjundFWSX5bgc73NxkkCAIAgCAIAgCAIBqPlT2scPs6qVNnq2or1c56R7kDnunRhaeeqkZ1ZZYtnHW5U1BSCqLVAMjVCxJt9hbAL3fpO6HQtJ1M8n7N75bce17s5XjpqOVb8zHc7mQdvtnvJKx5b3LKpUlWyyRSgkFmTAySp7BBUIB48rItEimZYQDyQSeQCllkkoo4zJoui8w213prkIDpvCtcZT9lhqNdZ5uJwFOrPrFpLs4952UcRKMcr1R3TyQA/0XSYm5d6rbyf3jKN+u5RPOqwUJZUdUZZldm6TMsIAgCAIAgCAIAgGpeVDZJxGAfKLtSZaoHSEuG/gZvCdeBmo1lfZ6GGIi3TdjgLUD38Ou27vn06ieRmuRiqVBHTw65N7EZbsoCyCbkoEFSq3ZAPQD0e6AegySDyoRM5FkUeMoWFj0SCTwr2QDy8A9MkEdVZSSLRZBUHj0frMpI1ifQfkbzf0VRDcGq5etece35zw8UrVWejT91G7TnNBAEAQBAEAQBAEA8IgHIeW/k9akWrYZS9I6mmBdqXHzR9JezUe2fQ4HpGM0oVdHz5/2eTicJKDz09uRz2pR+uubhm3MO08e+ew4nCp8tCP5On1iPvC3tEo4FszKhhD9GzdYYeyRl5DNzI2oMN6ESMrGZPiR27R2iQWPQeuCDx265nIsikd5lbFrki0WPDwkqLIzI9bCkbyB94j85OQZuR5za9N/ugn27oyoXY5voRj2n9JOXsF+08cOd1h2b/EyHFkqSNz5EeTariWFTEK1OhvN7h6vUo3gdLeHSPLxOLhTWWGr9Dso0ZT1lojuWGw600WmihUUBVVRYKBoABPFbbd2eilYlkAQBAEAQBAEAQBAEAQDB7a5J4XEktUp2c/TQ5W77aN3gzroY6vQ0jLTk9Uc9XC0quslrzNPx3ksN/mq6kcBUTUfiX9J6lPpv44eD+5wy6Mf7ZeJg8b5MsWPRSk/3Ht/OBOiPSuGlvdfL7GbwVeOzv8AMw+K5H42lvoVx935wfwEidEMbhpbT+nqZSoVlvD8+RiK9KqhszEHoqIAfAidMXmV4u/mYPT3o2IC7cUQ936GHF8iVKBDmPCmg6zc/nM3GXI0TjzJqSOTYML9Cqt/zMWa3ZF1wRkaPJ7FPotHEt2JUA9wExlXox3mvE0VOo9o+Rltn+TnGvrzATrquo9gu3snNPpDDQ2d+5GqwteW+hnqHkqxB9KvSX7qu3vyzB9MQW0Waro+XGRlsF5KqI/a4io/3FWmPbmPtnPPpeo/dil5msej4cWzZtkcj8HhyGp0VLjc7+e4PSC27utOKrjK1XSUtOWx008PThsjOzmNhAEAQBAEAQBAEAQBAEAQBAEAQBAKKlNW0YA9oB98lNrYhpMt22ZRO+jT9Rf0l+tn8T8SMkeRCdhYUm5w1C/TzVO/uk9fV+J+LI6qHJeBeUcOiaKqr90Ae6ZuTe7LJJEsgkQBAEAQBAEAQBAEAQBAEAQBAEAQBAEAQBAEAQBAEAQBAEAQBAEAQBAEAQBAEAQD/9k="
"Michael Kors Jet Set Tote Bag","[Michael Kors] Spacious designer tote bag perfect for daily essentials.","14999","34","ACTIVE","0","0","Fashion","/products/fashion/michael-kors-jetset-tote.jpg"
"Milton Lunch Box Set","[Milton] Leak-proof lunch box set ideal for office and school use.","699","64","ACTIVE","0","0","Home & Kitchen","/products/home/milton-lunchbox.jpg"
"Milton Thermosteel Water Bottle","[Milton] Insulated stainless steel bottle that keeps beverages hot or cold.","799","15","ACTIVE","0","0","Home & Kitchen","/products/home/milton-bottle.jpg"
"Minimalist Vitamin C Serum","[Minimalist] 10% Vitamin C serum for brighter and healthier skin.","699","42","ACTIVE","0","0","Beauty & Personal Care","/products/beauty/minimalist-vitamin-c.jpg"
"MSI MAG 27QRF Gaming Monitor","[MSI] 27-inch high-refresh-rate gaming monitor with vibrant colors and low latency.","32999","89","ACTIVE","0","0","Gaming","/products/gaming/msi-mag-27qrf.jpg"
"Navneet A4 Notebook","[Navneet] Premium notebook with smooth pages for writing and note-taking.","120","55","ACTIVE","0","0","Books & Stationery","/products/books/navneet-a4-notebook.jpg"
"Nescafe Classic Coffee 200g","[Nescafe] Premium coffee blend delivering a strong and smooth flavor.","449","82","ACTIVE","0","0","Groceries","/products/groceries/nescafe-classic.jpg"
"Neutrogena Deep Clean Face Wash","[Neutrogena] Deep cleansing face wash that removes dirt and excess oil.","325","32","ACTIVE","0","0","Beauty & Personal Care","/products/beauty/neutrogena-deep-clean.jpg"
"Nike Air Force 1 White","[Nike] Classic white sneakers with premium leather construction and timeless streetwear style.","8495","25","ACTIVE","0","0","Fashion","/products/fashion/nike-air-force-1-white.jpg"
"Nike Air Max Excee Women","[Nike] Stylish women's sneakers with lightweight cushioning and comfort.","8995","20","ACTIVE","0","0","Fashion","/products/fashion/nike-airmax-excee-women.jpg"
"Nike Dri-FIT Training T-Shirt","[Nike] Sweat-wicking athletic t-shirt designed for workouts and sports.","1495","12","ACTIVE","0","0","Fashion","/products/fashion/nike-drifit-shirt.jpg"
"Nike Dunk Low Panda","[Nike] Iconic black and white sneaker popular for casual and streetwear outfits.","9695","99","ACTIVE","0","0","Fashion","/products/fashion/nike-dunk-low-panda.jpg"
"Nintendo Switch OLED","[Nintendo] Portable gaming console with vibrant OLED display and versatile gameplay modes.","32999","39","ACTIVE","0","0","Gaming","/products/gaming/nintendo-switch-oled.jpg"
"Nivea Aloe Hydration Body Lotion","[Nivea] Hydrating body lotion with aloe vera extracts.","299","18","ACTIVE","0","0","Beauty & Personal Care","/products/beauty/nivea-bodylotion.jpg"
"Nivea Men Face Wash","[Nivea] Face wash designed for men's skin care needs.","225","25","ACTIVE","0","0","Beauty & Personal Care","/products/beauty/nivea-men-facewash.jpg"
"Nivea Soft Moisturizing Cream","[Nivea] Light moisturizing cream enriched with jojoba oil.","299","92","ACTIVE","0","0","Beauty & Personal Care","/products/beauty/nivea-soft-cream.jpg"
"Nivia Basketball Size 7","[Nivia] Official-size basketball with superior grip and bounce control.","999","35","ACTIVE","0","0","Sports & Fitness","/products/sports/nivia-basketball.jpg"
"Nivia Storm Football","[Nivia] Durable football designed for training sessions and recreational matches.","899","37","ACTIVE","0","0","Sports & Fitness","/products/sports/nivia-storm-football.jpg"
"Nivia Weight Training Gloves","[Nivia] Comfortable workout gloves offering improved grip and hand protection.","499","99","ACTIVE","0","0","Sports & Fitness","/products/sports/nivia-gym-gloves.jpg"
"Nothing Phone 3","[Nothing] Innovative smartphone featuring a transparent design and advanced Glyph interface.","49999","54","ACTIVE","0","0","Electronics","/products/electronics/nothing-phone3.jpg"
"Nykaa Nail Enamel","[Nykaa] Quick-dry nail polish available in trendy shades.","199","85","ACTIVE","0","0","Beauty & Personal Care","/products/beauty/nykaa-nailpaint.jpg"
"Omron HEM 7120 Blood Pressure Monitor","[Omron] Clinically validated BP monitor designed for home healthcare monitoring.","2399","59","ACTIVE","0","0","Health & Medical","/products/health/omron-hem7120.jpg"
"Omron NE-C106 Nebulizer","[Omron] Efficient nebulizer designed for respiratory therapy at home.","2499","57","ACTIVE","0","0","Health & Medical","/products/health/omron-nebulizer.jpg"
"OnePlus 13","[OnePlus] Fast and smooth smartphone with flagship performance and Hasselblad camera tuning.","69999","54","ACTIVE","0","0","Electronics","/products/electronics/oneplus13.jpg"
"OPI Nail Lacquer","[OPI] Salon-quality nail lacquer with long-lasting finish.","899","71","ACTIVE","0","0","Beauty & Personal Care","/products/beauty/opi-nail-lacquer.jpg"
"Oral-B Pro Health Toothbrush","[Oral-B] Soft-bristle toothbrush for effective cleaning.","149","80","ACTIVE","0","0","Beauty & Personal Care","/products/beauty/oralb-toothbrush.jpg"
"Paco Rabanne 1 Million","[Paco Rabanne] Luxurious fragrance featuring leather, amber, and spicy notes.","8999","98","ACTIVE","0","0","Fragrances","/products/fragrances/one-million.jpg"
"Parachute Advanced Coconut Hair Oil","[Parachute] Pure coconut hair oil for nourishment and shine.","210","10","ACTIVE","0","0","Beauty & Personal Care","/products/beauty/parachute-coconut-oil.jpg"
"Parker Vector Ball Pen","[Parker] Elegant ballpoint pen offering smooth writing performance.","399","36","ACTIVE","0","0","Books & Stationery","/products/books/parker-vector-pen.jpg"
"Parle-G Biscuits Family Pack","[Parle] Classic glucose biscuits loved by generations.","60","43","ACTIVE","0","0","Groceries","/products/groceries/parle-g.jpg"
"Pee Safe Menstrual Cup","[Pee Safe] Reusable and eco-friendly menstrual hygiene solution.","399","40","ACTIVE","0","0","Health & Medical","/products/health/peesafe-menstrual-cup.jpg"
"Philips Air Fryer HD9252","[Philips] Healthy cooking appliance using rapid air technology with less oil.","9999","37","ACTIVE","0","0","Home & Kitchen","/products/home/philips-air-fryer.jpg"
"Philips Air Fryer HD9252","[Philips] Healthy cooking appliance with rapid air technology.","9999","71","ACTIVE","0","0","Electronics","/products/electronics/philips-airfryer.jpg"
"Pigeon Non-Stick Cookware Set","[Pigeon] Complete non-stick cookware set suitable for daily cooking needs.","1999","98","ACTIVE","0","0","Home & Kitchen","/products/home/pigeon-cookware-set.jpg"
"PlayStation Portal","[Sony] Portable remote player for PlayStation gaming anywhere at home.","19990","63","ACTIVE","0","0","Electronics","/products/electronics/playstation-portal.jpg"
"Plum Green Tea Face Mask","[Plum] Detoxifying face mask for oily and acne-prone skin.","525","68","ACTIVE","0","0","Beauty & Personal Care","/products/beauty/plum-mask.jpg"
"Plum Green Tea Night Gel","[Plum] Hydrating overnight gel with green tea extracts.","575","65","ACTIVE","0","0","Beauty & Personal Care","/products/beauty/plum-green-tea-gel.jpg"
"Post-it Sticky Notes","[Post-it] Colorful self-adhesive notes for reminders and organization.","249","60","ACTIVE","0","0","Books & Stationery","/products/books/postit-sticky-notes.jpg"
"PowerMax Air Bike","[PowerMax] Exercise bike delivering effective cardio workouts at home.","6599","17","ACTIVE","0","0","Sports & Fitness","/products/sports/powermax-air-bike.jpg"
"Prestige Deluxe Alpha Pressure Cooker 5L","[Prestige] Durable stainless steel pressure cooker designed for fast and efficient cooking.","2499","47","ACTIVE","0","0","Home & Kitchen","/products/home/prestige-pressure-cooker.jpg"
"Prestige Induction Cooktop","[Prestige] Energy-efficient induction stove with multiple cooking presets.","2499","38","ACTIVE","0","0","Home & Kitchen","/products/home/prestige-induction.jpg"
"Pull-Up Bar","[Domyos] Door-mounted pull-up bar for upper-body strength training.","2599","73","ACTIVE","0","0","Sports & Fitness","/products/sports/pull-up-bar.jpg"
"Pulse Oximeter Fingertip","[Dr Trust] Measures blood oxygen saturation and pulse rate accurately.","899","46","ACTIVE","0","0","Health & Medical","/products/health/pulse-oximeter.jpg"
"Puma RS-X","[Puma] Bold lifestyle sneaker featuring chunky design and cushioned comfort.","8999","49","ACTIVE","0","0","Fashion","/products/fashion/puma-rsx.jpg"
"Puma Running Shorts","[Puma] Lightweight running shorts offering unrestricted movement.","1299","50","ACTIVE","0","0","Fashion","/products/fashion/puma-running-shorts.jpg"
"Quaker Oats 1kg","[Quaker] Nutritious whole-grain oats ideal for healthy breakfasts.","220","72","ACTIVE","0","0","Groceries","/products/groceries/quaker-oats.jpg"
"Ray-Ban Aviator Sunglasses","[Ray-Ban] Iconic aviator sunglasses with UV protection and timeless appeal.","8990","15","ACTIVE","0","0","Fashion","/products/fashion/rayban-aviator.jpg"
"Ray-Ban Erika Sunglasses","[Ray-Ban] Fashionable sunglasses with UV protection and lightweight frame.","7990","31","ACTIVE","0","0","Fashion","/products/fashion/rayban-erika-sunglasses.jpg"
"Razer BlackWidow V4","[Razer] RGB mechanical keyboard designed for competitive gaming.","15999","31","ACTIVE","0","0","Gaming","/products/gaming/razer-blackwidow-v4.jpg"
"Razer DeathAdder V3 Pro","[Razer] Professional wireless gaming mouse with exceptional precision.","12999","44","ACTIVE","0","0","Gaming","/products/gaming/razer-deathadder-v3-pro.jpg"
"Razer Kiyo Pro Webcam","[Razer] Professional webcam with adaptive light sensor technology.","14999","82","ACTIVE","0","0","Electronics","/products/electronics/razer-kiyo-pro.jpg"
"Rcb 2026 Official Jersey","Official jersey of RCB Team 2026 edition","3999","997","ACTIVE","0","0","Fashion","https://teehubshop.com/wp-content/uploads/2026/03/rcb-jersey-full-sleeves-600x800.jpg"
"Real Mixed Fruit Juice 1L","[Real] Refreshing fruit juice blend packed with fruity goodness.","140","97","ACTIVE","0","0","Groceries","/products/groceries/real-mixed-fruit.jpg"
"Red Label Natural Care Tea 1kg","[Brooke Bond] Tea infused with natural ingredients for great taste and wellness.","599","97","ACTIVE","0","0","Groceries","/products/groceries/red-label-tea.jpg"
"Resistance Band Set","[Domyos] Five-band resistance training kit for strength and mobility exercises.","1999","14","ACTIVE","0","0","Sports & Fitness","/products/sports/resistance-band-set.jpg"
"Reynolds Trimax Pen Pack","[Reynolds] Smooth gel pens designed for comfortable everyday writing.","150","59","ACTIVE","0","0","Books & Stationery","/products/books/reynolds-trimax-pack.jpg"
"Rich Dad Poor Dad","[Robert Kiyosaki] Personal finance classic teaching wealth-building and financial literacy principles.","399","96","ACTIVE","0","0","Books & Stationery","/products/books/rich-dad-poor-dad.jpg"
"Samsung Galaxy Buds 3 Pro","[Samsung] Wireless earbuds delivering immersive audio and AI features.","17999","76","ACTIVE","0","0","Electronics","/products/electronics/galaxy-buds3-pro.jpg"
"Samsung Galaxy S25","[Samsung] High-performance smartphone with premium display and powerful battery backup.","84999","25","ACTIVE","0","0","Electronics","/products/electronics/samsung-s25.jpg"
"Samsung Galaxy S25 Ultra","[Samsung] Flagship Android smartphone with AI-powered features and professional-grade camera system.","124999","89","ACTIVE","0","0","Electronics","/products/electronics/samsung-s25-ultra.jpg"
"Samsung Galaxy Tab S10+","[Samsung] Premium Android tablet with AMOLED display and S Pen support.","84999","10","ACTIVE","0","0","Electronics","/products/electronics/tab-s10plus.jpg"
"Samsung Galaxy Watch 7","[Samsung] Premium smartwatch with health insights and AI assistance.","32999","52","ACTIVE","0","0","Electronics","/products/electronics/galaxy-watch7.jpg"
"Samsung Microwave Oven 28L","[Samsung] Convection microwave oven for baking, grilling, and reheating.","11999","30","ACTIVE","0","0","Home & Kitchen","/products/home/samsung-microwave.jpg"
"Samsung Neo QLED 55-inch TV","[Samsung] Advanced QLED television offering exceptional brightness and contrast.","119999","50","ACTIVE","0","0","Electronics","/products/electronics/samsung-neoqled55.jpg"
"Samsung T7 SSD 1TB","[Samsung] Portable high-speed SSD for secure storage and backups.","8999","15","ACTIVE","0","0","Electronics","/products/electronics/samsung-t7-1tb.jpg"
"SanDisk Extreme Pro 1TB SSD","[SanDisk] Rugged portable SSD with exceptional read and write speeds.","10999","80","ACTIVE","0","0","Electronics","/products/electronics/sandisk-extreme-pro.jpg"
"Secretlab TITAN Evo Gaming Chair","[Secretlab] Premium ergonomic gaming chair built for long gaming sessions.","54999","21","ACTIVE","0","0","Gaming","/products/gaming/secretlab-titan-evo.jpg"
"SG Kashmir Willow Cricket Bat","[SG] Cricket bat crafted for powerful strokes and balanced performance.","2499","14","ACTIVE","0","0","Sports & Fitness","/products/sports/sg-kashmir-willow-bat.jpg"
"Skechers Go Walk 7","[Skechers] Lightweight walking shoes designed for all-day comfort and support.","5499","38","ACTIVE","0","0","Fashion","/products/fashion/skechers-gowalk7.jpg"
"Skinn by Titan Raw","[Titan] Premium Indian fragrance featuring citrus and woody accords.","1995","80","ACTIVE","0","0","Fragrances","/products/fragrances/skinn-raw.jpg"
"Sleepyhead Premium Pillow Set","[Sleepyhead] Soft and supportive pillows for enhanced sleeping comfort.","1499","28","ACTIVE","0","0","Home & Kitchen","/products/home/sleepyhead-pillows.jpg"
"Sony Alpha ZV-E10","[Sony] Content creator camera optimized for vlogging and streaming.","74999","91","ACTIVE","0","0","Electronics","/products/electronics/sony-zve10.jpg"
"Sony Bravia XR 55-inch TV","[Sony] Premium smart TV powered by cognitive intelligence technology.","139999","37","ACTIVE","0","0","Electronics","/products/electronics/sony-bravia-xr55.jpg"
"Sony DualSense Wireless Controller","[Sony] Advanced PS5 controller featuring adaptive triggers and haptic feedback.","6490","74","ACTIVE","0","0","Gaming","/products/gaming/dualsense-controller.jpg"
"Sony PlayStation 5 Slim","[Sony] Next-generation gaming console delivering stunning graphics and ultra-fast loading speeds.","54990","42","ACTIVE","0","0","Gaming","/products/gaming/ps5-slim.jpg"
"Sony PlayStation Portal","[Sony] Remote gaming device designed for PlayStation streaming.","19990","79","ACTIVE","0","0","Gaming","/products/gaming/playstation-portal.jpg"
"Sony WH-1000XM5","[Sony] Industry-leading wireless noise-cancelling headphones.","29990","23","ACTIVE","0","0","Electronics","/products/electronics/sony-wh1000xm5.jpg"
"Sports Water Bottle 1L","[Nike] Leak-proof hydration bottle designed for training and outdoor activities.","699","16","ACTIVE","0","0","Sports & Fitness","/products/sports/nike-water-bottle.jpg"
"Steam Deck OLED","[Valve] Portable PC gaming handheld with OLED display and powerful hardware.","64999","43","ACTIVE","0","0","Gaming","/products/gaming/steam-deck-oled.jpg"
"SteelSeries Apex Pro TKL","[SteelSeries] Mechanical gaming keyboard featuring adjustable actuation switches.","18999","45","ACTIVE","0","0","Gaming","/products/gaming/steelseries-apex-pro.jpg"
"SteelSeries Arctis Nova 7","[SteelSeries] Wireless gaming headset with premium audio performance.","17999","54","ACTIVE","0","0","Gaming","/products/gaming/arctis-nova-7.jpg"
"Taj Mahal Tea 500g","[Taj Mahal] Premium tea leaves offering rich flavor and aroma.","349","51","ACTIVE","0","0","Groceries","/products/groceries/taj-mahal-tea.jpg"
"Tata Salt 1kg","[Tata] Vacuum-evaporated iodized salt ensuring purity and health.","30","64","ACTIVE","0","0","Groceries","/products/groceries/tata-salt.jpg"
"Tata Sampann Toor Dal 1kg","[Tata Sampann] Unpolished toor dal retaining natural nutrients and taste.","189","60","ACTIVE","0","0","Groceries","/products/groceries/tata-sampann-toor-dal.jpg"
"The Alchemist","[Paulo Coelho] Inspirational novel about following dreams and discovering life's purpose.","349","85","ACTIVE","0","0","Books & Stationery","/products/books/the-alchemist.jpg"
"The Body Shop Tea Tree Face Mask","[The Body Shop] Purifying clay mask for blemish-prone skin.","995","61","ACTIVE","0","0","Beauty & Personal Care","/products/beauty/bodyshop-mask.jpg"
"The Derma Co Niacinamide Serum","[The Derma Co] Reduces acne marks and controls excess oil production.","599","44","ACTIVE","0","0","Beauty & Personal Care","/products/beauty/dermaco-niacinamide.jpg"
"The Power of Your Subconscious Mind","[Joseph Murphy] Guide to unlocking the hidden potential of the subconscious mind.","299","43","ACTIVE","0","0","Books & Stationery","/products/books/subconscious-mind.jpg"
"The Psychology of Money","[Morgan Housel] Insights into how people think about money, investing, and financial decisions.","450","36","ACTIVE","0","0","Books & Stationery","/products/books/psychology-of-money.jpg"
"Think and Grow Rich","[Napoleon Hill] Timeless success guide focusing on mindset, goals, and achievement.","299","49","ACTIVE","0","0","Books & Stationery","/products/books/think-and-grow-rich.jpg"
"Titan Neo Analog Watch","[Titan] Classic analog watch suitable for formal and casual occasions.","5495","52","ACTIVE","0","0","Fashion","/products/fashion/titan-neo-watch.jpg"
"Tommy Hilfiger Leather Belt","[Tommy Hilfiger] Premium leather belt crafted for both formal and casual outfits.","1799","10","ACTIVE","0","0","Fashion","/products/fashion/tommy-leather-belt.jpg"
"Tommy Hilfiger Polo T-Shirt","[Tommy Hilfiger] Premium cotton polo shirt featuring iconic branding.","2499","14","ACTIVE","0","0","Fashion","/products/fashion/tommy-polo-shirt.jpg"
"TP-Link Archer AX73 Router","[TP-Link] Wi-Fi 6 router providing fast and reliable internet connectivity.","7999","82","ACTIVE","0","0","Electronics","/products/electronics/tplink-ax73.jpg"
"Tresemme Keratin Smooth Shampoo","[Tresemme] Keratin-infused shampoo for smooth and manageable hair.","499","38","ACTIVE","0","0","Beauty & Personal Care","/products/beauty/tresemme-shampoo.jpg"
"Tynor Knee Support","[Tynor] Provides compression and support for knee joint stability.","699","73","ACTIVE","0","0","Health & Medical","/products/health/tynor-knee-support.jpg"
"Tynor Lumbo Sacral Belt","[Tynor] Back support belt designed for lower back pain relief.","999","73","ACTIVE","0","0","Health & Medical","/products/health/tynor-back-belt.jpg"
"U.S. Polo Assn. Casual Shirt","[U.S. Polo Assn.] Classic casual shirt crafted from breathable cotton fabric.","1999","97","ACTIVE","0","0","Fashion","/products/fashion/uspolo-casual-shirt.jpg"
"Van Heusen Formal Trousers","[Van Heusen] Tailored formal trousers designed for professional wear.","1999","21","ACTIVE","0","0","Fashion","/products/fashion/vanheusen-trousers.jpg"
"Vaseline Intensive Care Lotion","[Vaseline] Moisturizing lotion for dry skin protection.","349","42","ACTIVE","0","0","Beauty & Personal Care","/products/beauty/vaseline-lotion.jpg"
"Veet Hair Removal Cream","[Veet] Quick and effective hair removal cream.","225","67","ACTIVE","0","0","Beauty & Personal Care","/products/beauty/veet-cream.jpg"
"Versace Eros","[Versace] Bold masculine fragrance with mint, vanilla, and tonka bean notes.","7999","64","ACTIVE","0","0","Fragrances","/products/fragrances/versace-eros.jpg"
"Vicks Steam Inhaler","[Vicks] Steam inhalation device providing relief from nasal congestion.","499","41","ACTIVE","0","0","Health & Medical","/products/health/vicks-steam-inhaler.jpg"
"Victoria's Secret Bombshell","[Victoria's Secret] Fruity floral fragrance with passionfruit and peony notes.","6999","60","ACTIVE","0","0","Fragrances","/products/fragrances/bombshell.jpg"
"Volini Pain Relief Spray","[Volini] Fast-acting spray providing relief from muscle and joint pain.","299","80","ACTIVE","0","0","Health & Medical","/products/health/volini-spray.jpg"
"W for Woman A-Line Kurta","[W] Elegant A-line kurta featuring modern ethnic styling.","2299","76","ACTIVE","0","0","Fashion","/products/fashion/w-aline-kurta.jpg"
"W for Woman Printed Kurta Set","[W] Comfortable printed kurta set designed for daily and office wear.","2999","58","ACTIVE","0","0","Fashion","/products/fashion/w-printed-kurta-set.jpg"
"Wakefit Memory Foam Mattress","[Wakefit] Orthopedic memory foam mattress designed for comfortable sleep.","11999","58","ACTIVE","0","0","Home & Kitchen","/products/home/wakefit-mattress.jpg"
"Weight Training Power Rack","[Domyos] Professional-grade power rack for advanced strength training exercises.","49999","16","ACTIVE","0","0","Sports & Fitness","/products/sports/power-rack.jpg"
"Woodland Leather Boots","[Woodland] Durable leather boots built for rugged outdoor adventures.","3999","55","ACTIVE","0","0","Fashion","/products/fashion/woodland-boots.jpg"
"Xbox Series X","[Microsoft] Powerful gaming console featuring 4K gaming and high frame rates.","55990","24","ACTIVE","0","0","Gaming","/products/gaming/xbox-series-x.jpg"
"Xbox Wireless Controller","[Microsoft] Comfortable gaming controller compatible with Xbox and PC.","5490","95","ACTIVE","0","0","Gaming","/products/gaming/xbox-controller.jpg"
"Xiaomi 15","[Xiaomi] Premium flagship device with Leica cameras and top-tier Snapdragon performance.","64999","10","ACTIVE","0","0","Electronics","/products/electronics/xiaomi15.jpg"
"Xiaomi Smart Air Purifier 4","[Xiaomi] Air purifier featuring HEPA filtration and smart controls.","12999","18","ACTIVE","0","0","Electronics","/products/electronics/xiaomi-airpurifier4.jpg"
"Yoga Mat 8mm","[Boldfit] Non-slip yoga mat providing comfort and stability during workouts.","799","43","ACTIVE","0","0","Sports & Fitness","/products/sports/yoga-mat.jpg"
"Yonex GR 303 Badminton Racket","[Yonex] Lightweight badminton racket ideal for beginners and intermediate players.","1199","19","ACTIVE","0","0","Sports & Fitness","/products/sports/yonex-gr303.jpg"
"Yonex Mavis 350 Shuttlecock","[Yonex] Premium nylon shuttlecock offering consistent flight performance.","1299","83","ACTIVE","0","0","Sports & Fitness","/products/sports/yonex-mavis350.jpg"
"YSL Black Opium","[Yves Saint Laurent] Seductive fragrance blending coffee, vanilla, and floral notes.","10999","81","ACTIVE","0","0","Fragrances","/products/fragrances/black-opium.jpg"
"YSL Y Eau de Parfum","[Yves Saint Laurent] Modern fragrance blending freshness, spice, and woody notes.","9999","95","ACTIVE","0","0","Fragrances","/products/fragrances/ysl-y-edp.jpg"
"Zara Floral Midi Dress","[Zara] Elegant floral midi dress suitable for casual outings and special occasions.","3990","98","ACTIVE","0","0","Fashion","/products/fashion/zara-floral-midi-dress.jpg"
"Zara Overshirt","[Zara] Versatile overshirt combining smart and casual styling.","2990","98","ACTIVE","0","0","Fashion","/products/fashion/zara-overshirt.jpg"
"Zara Satin Evening Dress","[Zara] Premium satin dress suitable for parties and special occasions.","4590","98","ACTIVE","0","0","Fashion","/products/fashion/zara-satin-evening-dress.jpg"
