"store_id","title","description","price","stock_quantity","status","rating","ai_match_score"
"fbde02bf-8a05-4390-ba65-ff5507872631","[Simulated] Anker 737 Power Bank (PowerCore 24K)","Ultra-high capacity power bank with 140W fast charging. Features a smart digital display.","12999","60","ACTIVE","4.7","92"
"fbde02bf-8a05-4390-ba65-ff5507872631","[Simulated] DJI Osmo Pocket 3","Pocket-sized gimbal camera featuring a powerful 1-inch CMOS sensor. 4K/120fps recording, active track 6.0.","45900","96","ACTIVE","4.7","92"
"fbde02bf-8a05-4390-ba65-ff5507872631","[Simulated] iPad Pro 12.9-inch M2","Astonishing performance. Incredibly advanced displays. Superfast wireless connectivity. Next-generation Apple Pencil features.","90000","47","ACTIVE","4.5","95"
"fbde02bf-8a05-4390-ba65-ff5507872631","[Simulated] iPhone 15 Pro Max 512GB","Titanium design, A17 Pro chip, customisable Action button, and the most powerful iPhone camera system ever.","118000","19","ACTIVE","4.5","95"
"fbde02bf-8a05-4390-ba65-ff5507872631","[Simulated] Keychron K2 Mechanical Keyboard","A 75% layout wireless mechanical keyboard with hot-swappable options, RGB backlighting, and Gateron switches.","8999","84","ACTIVE","4.7","92"
"fbde02bf-8a05-4390-ba65-ff5507872631","[Simulated] Logitech MX Master 3S Mouse","An iconic ergonomic mouse remastered. Quiet clicks, electromagnetic scroll wheel, 8K DPI sensor.","10995","74","ACTIVE","4.7","92"
"fbde02bf-8a05-4390-ba65-ff5507872631","[Simulated] MacBook Pro 16 M3 Max","The most advanced MacBook Pro yet. M3 Max chip, 36GB Unified Memory, 1TB SSD. Liquid Retina XDR display.","195000","43","ACTIVE","4.5","95"
"fbde02bf-8a05-4390-ba65-ff5507872631","[Simulated] RTX 4090 Founders Edition","The ultimate GeForce GPU. It brings an enormous leap in performance, efficiency, and AI-powered graphics.","162000","39","ACTIVE","4.5","95"
"fbde02bf-8a05-4390-ba65-ff5507872631","[Simulated] Samsung T7 Portable SSD 2TB","Superfast external storage with read speeds up to 1050MB/s. Shock-resistant design.","15999","55","ACTIVE","4.7","92"
"fbde02bf-8a05-4390-ba65-ff5507872631","[Simulated] Sony PlayStation 5 Pro","Experience the next level of gaming with the PlayStation 5 Pro. Features advanced ray tracing, 4K gaming, and ultra-high-speed SSD.","52000","12","ACTIVE","4.5","95"
"fbde02bf-8a05-4390-ba65-ff5507872631","[Simulated] Sony WH-1000XM5 ANC Headphones","Industry leading noise-canceling headphones with auto-NC optimizer, crystal clear hands-free calling.","24500","25","ACTIVE","4.5","95"
"fbde02bf-8a05-4390-ba65-ff5507872631","[Simulated] Xiaomi Smart Projector 2","Portable projector supporting up to 120-inch screen size. Full HD resolution, auto-focus, and Android TV.","39999","51","ACTIVE","4.7","92"
"fbde02bf-8a05-4390-ba65-ff5507872631","Aashirvaad Whole Wheat Atta 5kg","[Aashirvaad] High-quality whole wheat flour for soft and nutritious chapatis.","299","69","ACTIVE","0","0"
"fbde02bf-8a05-4390-ba65-ff5507872631","Accu-Chek Active Glucometer","[Accu-Chek] Reliable blood sugar monitoring device with fast results.","1299","50","ACTIVE","0","0"
"fbde02bf-8a05-4390-ba65-ff5507872631","Acer Predator Helios Neo 16","[Acer] High-performance gaming laptop designed for competitive gamers.","139999","39","ACTIVE","0","0"
"fbde02bf-8a05-4390-ba65-ff5507872631","Adidas Essentials Track Pants","[Adidas] Comfortable track pants suitable for training and casual wear.","2499","98","ACTIVE","0","0"
"fbde02bf-8a05-4390-ba65-ff5507872631","Adidas Grand Court Women","[Adidas] Classic lifestyle sneakers inspired by tennis heritage.","5499","75","ACTIVE","0","0"
"fbde02bf-8a05-4390-ba65-ff5507872631","Adidas Samba OG","[Adidas] Retro-inspired sneaker with classic design and durable leather upper.","10999","85","ACTIVE","0","0"
"fbde02bf-8a05-4390-ba65-ff5507872631","Adidas Ultraboost 5","[Adidas] Premium running shoes with responsive Boost cushioning and superior comfort.","18999","59","ACTIVE","0","0"
"fbde02bf-8a05-4390-ba65-ff5507872631","Adjustable Dumbbell Set","[Domyos] Versatile weight training set suitable for home workouts and strength building.","5999","48","ACTIVE","0","0"
"fbde02bf-8a05-4390-ba65-ff5507872631","Adjustable Hand Gripper","[Boldfit] Hand strength trainer with adjustable resistance levels.","299","66","ACTIVE","0","0"
"fbde02bf-8a05-4390-ba65-ff5507872631","Allen Solly Formal Shirt","[Allen Solly] Elegant formal shirt suitable for office and business occasions.","1499","66","ACTIVE","0","0"
"fbde02bf-8a05-4390-ba65-ff5507872631","Amazon Echo Dot 5th Gen","[Amazon] Compact smart speaker powered by Alexa voice assistant.","5499","99","ACTIVE","0","0"
"fbde02bf-8a05-4390-ba65-ff5507872631","Amazon Kindle Paperwhite","[Amazon] E-reader with glare-free display and weeks of battery life.","14999","75","ACTIVE","0","0"
"fbde02bf-8a05-4390-ba65-ff5507872631","American Tourister Backpack","[American Tourister] Spacious backpack designed for daily commuting and travel.","1999","91","ACTIVE","0","0"
"fbde02bf-8a05-4390-ba65-ff5507872631","Amul Butter 500g","[Amul] Creamy and delicious butter suitable for bread, cooking, and baking.","285","44","ACTIVE","0","0"
"fbde02bf-8a05-4390-ba65-ff5507872631","Amul Pure Ghee 1L","[Amul] Rich and aromatic pure cow ghee for cooking and traditional recipes.","699","50","ACTIVE","0","0"
"fbde02bf-8a05-4390-ba65-ff5507872631","Anker 737 Power Bank","[Anker] High-capacity power bank supporting fast charging technology.","11999","23","ACTIVE","0","0"
"fbde02bf-8a05-4390-ba65-ff5507872631","Apollo Pharmacy First Aid Kit","[Apollo] Comprehensive first aid kit containing essential medical supplies.","599","80","ACTIVE","0","0"
"fbde02bf-8a05-4390-ba65-ff5507872631","Apple AirPods Pro 2","[Apple] Premium wireless earbuds with adaptive noise cancellation.","24900","45","ACTIVE","0","0"
"fbde02bf-8a05-4390-ba65-ff5507872631","Apple iPhone 16 128GB","[Apple] Latest iPhone with improved battery life, powerful processor, and advanced photography features.","79900","67","ACTIVE","0","0"
"fbde02bf-8a05-4390-ba65-ff5507872631","Apple iPhone 16 Pro 256GB","[Apple] Premium flagship smartphone featuring an advanced camera system, powerful performance, and titanium design.","129900","95","ACTIVE","0","0"
"fbde02bf-8a05-4390-ba65-ff5507872631","Apple TV 4K","[Apple] Streaming device delivering premium entertainment experience.","14900","70","ACTIVE","0","0"
"fbde02bf-8a05-4390-ba65-ff5507872631","Apple Watch Series 10","[Apple] Advanced smartwatch featuring health tracking and fitness monitoring.","46900","15","ACTIVE","0","0"
"fbde02bf-8a05-4390-ba65-ff5507872631","Apsara Platinum Pencil Pack","[Apsara] Premium pencils offering smooth writing and durable lead quality.","60","43","ACTIVE","0","0"
"fbde02bf-8a05-4390-ba65-ff5507872631","Aqualogica Glow Sunscreen","[Aqualogica] Lightweight sunscreen with hydration benefits.","449","86","ACTIVE","0","0"
"fbde02bf-8a05-4390-ba65-ff5507872631","Armani Acqua di Gio","[Giorgio Armani] Fresh aquatic fragrance inspired by the Mediterranean sea.","8499","66","ACTIVE","0","0"
"fbde02bf-8a05-4390-ba65-ff5507872631","ASUS ROG Ally X","[ASUS] Portable gaming handheld powered by Windows gaming ecosystem.","79999","35","ACTIVE","0","0"
"fbde02bf-8a05-4390-ba65-ff5507872631","ASUS ROG Strix G16","[ASUS] Gaming laptop equipped with powerful graphics and advanced cooling system.","149999","28","ACTIVE","0","0"
"fbde02bf-8a05-4390-ba65-ff5507872631","Atomic Habits","[James Clear] A practical guide to building good habits and breaking bad ones through small daily improvements.","499","22","ACTIVE","0","0"
"fbde02bf-8a05-4390-ba65-ff5507872631","Aurelia Straight Kurta Palazzo Set","[Aurelia] Elegant straight-cut kurta paired with matching palazzo pants.","2499","40","ACTIVE","0","0"
"fbde02bf-8a05-4390-ba65-ff5507872631","Bajaj Electric Kettle 1.7L","[Bajaj] Fast boiling electric kettle with automatic shut-off feature.","1499","95","ACTIVE","0","0"
"fbde02bf-8a05-4390-ba65-ff5507872631","Band-Aid Adhesive Bandages","[Band-Aid] Sterile adhesive bandages for minor cuts and wounds.","120","26","ACTIVE","0","0"
"fbde02bf-8a05-4390-ba65-ff5507872631","Beardo Activated Charcoal Face Wash","[Beardo] Charcoal-based face wash for deep cleansing.","299","85","ACTIVE","0","0"
"fbde02bf-8a05-4390-ba65-ff5507872631","Belkin 3-in-1 Wireless Charger","[Belkin] Wireless charging station for smartphone, watch, and earbuds.","9999","76","ACTIVE","0","0"
"fbde02bf-8a05-4390-ba65-ff5507872631","Bella Vita Luxury CEO Man","[Bella Vita] Affordable premium fragrance with fresh and woody notes.","699","39","ACTIVE","0","0"
"fbde02bf-8a05-4390-ba65-ff5507872631","Bella Vita Luxury Perfume","[Bella Vita] Premium fragrance with sophisticated aroma.","499","96","ACTIVE","0","0"
"fbde02bf-8a05-4390-ba65-ff5507872631","Bella Vita Luxury Senorita","[Bella Vita] Elegant floral-fruity fragrance designed for women.","699","40","ACTIVE","0","0"
"fbde02bf-8a05-4390-ba65-ff5507872631","Biba Anarkali Suit Set","[Biba] Elegant Anarkali suit set with matching dupatta, ideal for festive occasions.","3499","99","ACTIVE","0","0"
"fbde02bf-8a05-4390-ba65-ff5507872631","Biba Floral Printed Salwar Suit","[Biba] Floral ethnic suit crafted from breathable fabric for all-day comfort.","2199","23","ACTIVE","0","0"
"fbde02bf-8a05-4390-ba65-ff5507872631","Biba Printed Kurti","[Biba] Traditional printed kurti suitable for casual and festive wear.","1799","45","ACTIVE","0","0"
"fbde02bf-8a05-4390-ba65-ff5507872631","Biotique Bio Morning Nectar Moisturizer","[Biotique] Hydrating moisturizer suitable for all skin types.","275","39","ACTIVE","0","0"
"fbde02bf-8a05-4390-ba65-ff5507872631","Bisleri Mineral Water 2L","[Bisleri] Safe and purified drinking water enriched with essential minerals.","30","48","ACTIVE","0","0"
"fbde02bf-8a05-4390-ba65-ff5507872631","Bleu de Chanel Eau de Parfum","[Chanel] Sophisticated fragrance combining citrus freshness and woody elegance.","12499","86","ACTIVE","0","0"
"fbde02bf-8a05-4390-ba65-ff5507872631","Boat Airdopes 141","[boAt] Affordable true wireless earbuds with long battery backup.","1299","81","ACTIVE","0","0"
"fbde02bf-8a05-4390-ba65-ff5507872631","Bombay Shaving Company Beard Oil","[Bombay Shaving Company] Beard oil that softens and nourishes facial hair.","299","82","ACTIVE","0","0"
"fbde02bf-8a05-4390-ba65-ff5507872631","Bru Instant Coffee 200g","[Bru] Rich and aromatic instant coffee for a refreshing start to your day.","399","38","ACTIVE","0","0"
"fbde02bf-8a05-4390-ba65-ff5507872631","Butterfly Mixer Grinder 750W","[Butterfly] Powerful mixer grinder for grinding, blending, and food preparation.","3499","48","ACTIVE","0","0"
"fbde02bf-8a05-4390-ba65-ff5507872631","Cadbury Dairy Milk Silk 150g","[Cadbury] Smooth and creamy milk chocolate crafted for indulgent moments.","175","78","ACTIVE","0","0"
"fbde02bf-8a05-4390-ba65-ff5507872631","Calvin Klein CK One","[Calvin Klein] Iconic unisex fragrance with citrus and green tea notes.","2999","57","ACTIVE","0","0"
"fbde02bf-8a05-4390-ba65-ff5507872631","Camel Sketch Book","[Camel] Artist-quality sketchbook with thick pages for drawing and sketching.","199","66","ACTIVE","0","0"
"fbde02bf-8a05-4390-ba65-ff5507872631","Can't Hurt Me","[David Goggins] Memoir and self-help book about mental toughness and resilience.","699","96","ACTIVE","0","0"
"fbde02bf-8a05-4390-ba65-ff5507872631","Canon EOS R50","[Canon] Mirrorless camera ideal for photography and content creation.","72999","95","ACTIVE","0","0"
"fbde02bf-8a05-4390-ba65-ff5507872631","Casio FX-991ES Plus Calculator","[Casio] Scientific calculator widely used by engineering and science students.","1195","25","ACTIVE","0","0"
"fbde02bf-8a05-4390-ba65-ff5507872631","Cello Plastic Storage Container Set","[Cello] Food-grade airtight containers for kitchen organization.","599","57","ACTIVE","0","0"
"fbde02bf-8a05-4390-ba65-ff5507872631","Cetaphil Gentle Skin Cleanser","[Cetaphil] Dermatologist-recommended cleanser suitable for sensitive skin.","599","93","ACTIVE","0","0"
"fbde02bf-8a05-4390-ba65-ff5507872631","Chanel Coco Mademoiselle","[Chanel] Elegant women's fragrance with citrus and patchouli accords.","13999","92","ACTIVE","0","0"
"fbde02bf-8a05-4390-ba65-ff5507872631","Chromecast with Google TV","[Google] Streaming device with smart content recommendations.","6499","32","ACTIVE","0","0"
"fbde02bf-8a05-4390-ba65-ff5507872631","Classmate Long Notebook","[Classmate] High-quality ruled notebook suitable for students and professionals.","85","52","ACTIVE","0","0"
"fbde02bf-8a05-4390-ba65-ff5507872631","Coca-Cola 2L","[Coca-Cola] Refreshing carbonated soft drink enjoyed worldwide.","95","13","ACTIVE","0","0"
"fbde02bf-8a05-4390-ba65-ff5507872631","Colgate Total Toothpaste","[Colgate] Advanced cavity protection toothpaste.","120","27","ACTIVE","0","0"
"fbde02bf-8a05-4390-ba65-ff5507872631","Cosco Volleyball","[Cosco] High-quality volleyball suitable for indoor and outdoor gameplay.","799","55","ACTIVE","0","0"
"fbde02bf-8a05-4390-ba65-ff5507872631","Creed Aventus","[Creed] Luxury fragrance featuring pineapple, birch, and musk accords.","28999","48","ACTIVE","0","0"
"fbde02bf-8a05-4390-ba65-ff5507872631","Crocs Classic Clog","[Crocs] Comfortable and lightweight clogs suitable for everyday wear.","3995","10","ACTIVE","0","0"
"fbde02bf-8a05-4390-ba65-ff5507872631","Cult 11-in-1 Fitness Kit","[Cult] Complete fitness accessory kit for home workouts and resistance training.","595","87","ACTIVE","0","0"
"fbde02bf-8a05-4390-ba65-ff5507872631","Dabur Chyawanprash 1kg","[Dabur] Traditional Ayurvedic formulation for immunity and overall wellness.","399","71","ACTIVE","0","0"
"fbde02bf-8a05-4390-ba65-ff5507872631","Davidoff Cool Water","[Davidoff] Classic aquatic fragrance known for freshness and versatility.","3499","84","ACTIVE","0","0"
"fbde02bf-8a05-4390-ba65-ff5507872631","Decathlon Skipping Rope","[Domyos] Adjustable skipping rope designed for cardio workouts and fitness training.","299","25","ACTIVE","0","0"
"fbde02bf-8a05-4390-ba65-ff5507872631","Deep Work","[Cal Newport] Strategies for focused success in a distracted world.","550","90","ACTIVE","0","0"
"fbde02bf-8a05-4390-ba65-ff5507872631","Dell XPS 13","[Dell] Premium ultrabook featuring stunning display and excellent battery life.","129999","76","ACTIVE","0","0"
"fbde02bf-8a05-4390-ba65-ff5507872631","Dettol Antiseptic Liquid","[Dettol] Trusted antiseptic solution for first aid and personal hygiene.","185","66","ACTIVE","0","0"
"fbde02bf-8a05-4390-ba65-ff5507872631","Dior Sauvage Eau de Parfum","[Dior] Fresh and spicy men's fragrance with bergamot, pepper, and woody notes.","10999","25","ACTIVE","0","0"
"fbde02bf-8a05-4390-ba65-ff5507872631","DJI Mini 4 Pro","[DJI] Compact drone with advanced aerial photography capabilities.","89999","96","ACTIVE","0","0"
"fbde02bf-8a05-4390-ba65-ff5507872631","Do Epic Shit","[Ankur Warikoo] Life lessons on career, money, relationships, and personal growth.","399","59","ACTIVE","0","0"
"fbde02bf-8a05-4390-ba65-ff5507872631","Doms Geometry Box","[Doms] Complete geometry set containing compass, ruler, divider, and protractor.","149","10","ACTIVE","0","0"
"fbde02bf-8a05-4390-ba65-ff5507872631","Dove Deep Moisture Body Wash","[Dove] Body wash that nourishes and hydrates skin deeply.","349","68","ACTIVE","0","0"
"fbde02bf-8a05-4390-ba65-ff5507872631","Dove Intense Repair Shampoo","[Dove] Nourishing shampoo for damaged and weak hair.","349","53","ACTIVE","0","0"
"fbde02bf-8a05-4390-ba65-ff5507872631","Dr Ortho Pain Relief Oil","[Dr Ortho] Ayurvedic oil formulated for muscle and joint pain relief.","299","19","ACTIVE","0","0"
"fbde02bf-8a05-4390-ba65-ff5507872631","Dr Trust Infrared Thermometer","[Dr Trust] Non-contact infrared thermometer for quick and accurate temperature readings.","1499","59","ACTIVE","0","0"
"fbde02bf-8a05-4390-ba65-ff5507872631","Dr. Morepen Blood Pressure Monitor BP02","[Dr. Morepen] Automatic digital blood pressure monitor with accurate readings and easy-to-read display.","1499","84","ACTIVE","0","0"
"fbde02bf-8a05-4390-ba65-ff5507872631","Dr. Morepen GlucoOne Glucometer","[Dr. Morepen] Compact blood glucose monitoring system for diabetic patients.","799","49","ACTIVE","0","0"
"fbde02bf-8a05-4390-ba65-ff5507872631","Dyson V12 Detect Slim","[Dyson] Cordless vacuum cleaner with laser dust detection technology.","52900","43","ACTIVE","0","0"
"fbde02bf-8a05-4390-ba65-ff5507872631","Dyson V12 Detect Slim Vacuum Cleaner","[Dyson] Cordless vacuum cleaner with laser dust detection technology.","52900","88","ACTIVE","0","0"
"fbde02bf-8a05-4390-ba65-ff5507872631","Elgato HD60 X Capture Card","[Elgato] Professional capture card for streaming and recording gameplay.","17999","20","ACTIVE","0","0"
"fbde02bf-8a05-4390-ba65-ff5507872631","Elgato Stream Deck MK2","[Elgato] Customizable control panel for creators and streamers.","14990","46","ACTIVE","0","0"
"fbde02bf-8a05-4390-ba65-ff5507872631","Elgato Stream Deck MK2","[Elgato] Customizable controller designed for streamers and content creators.","14990","85","ACTIVE","0","0"
"fbde02bf-8a05-4390-ba65-ff5507872631","Engage Amber Hues Perfume","[Engage] Refreshing fragrance with warm amber undertones.","399","45","ACTIVE","0","0"
"fbde02bf-8a05-4390-ba65-ff5507872631","Engage Perfume Spray","[Engage] Refreshing fragrance suitable for daily use.","249","58","ACTIVE","0","0"
"fbde02bf-8a05-4390-ba65-ff5507872631","Ensure Nutrition Powder Vanilla 1kg","[Ensure] Balanced nutritional supplement supporting overall health and wellness.","999","34","ACTIVE","0","0"
"fbde02bf-8a05-4390-ba65-ff5507872631","Eureka Forbes Aquaguard Aura","[Aquaguard] Advanced water purifier with multi-stage purification technology.","14999","73","ACTIVE","0","0"
"fbde02bf-8a05-4390-ba65-ff5507872631","Faber-Castell Colour Pencils","[Faber-Castell] Set of vibrant colour pencils for drawing and creative projects.","299","88","ACTIVE","0","0"
"fbde02bf-8a05-4390-ba65-ff5507872631","FabIndia Cotton Saree","[FabIndia] Traditional cotton saree crafted with premium fabric and elegant patterns.","3299","97","ACTIVE","0","0"
"fbde02bf-8a05-4390-ba65-ff5507872631","Fitkit FT100 Treadmill","[Fitkit] Motorized treadmill featuring multiple workout programs and incline settings.","21999","79","ACTIVE","0","0"
"fbde02bf-8a05-4390-ba65-ff5507872631","Flamingo Cervical Collar","[Flamingo] Soft neck support collar for pain relief and posture support.","349","32","ACTIVE","0","0"
"fbde02bf-8a05-4390-ba65-ff5507872631","Fogg Impressio Perfume","[Fogg] Long-lasting fragrance suitable for daily wear.","499","19","ACTIVE","0","0"
"fbde02bf-8a05-4390-ba65-ff5507872631","Fogg Scent Perfume","[Fogg] Long-lasting fragrance for all-day freshness.","399","76","ACTIVE","0","0"
"fbde02bf-8a05-4390-ba65-ff5507872631","Foldable Gym Bench","[Domyos] Heavy-duty workout bench designed for weight training routines.","7999","41","ACTIVE","0","0"
"fbde02bf-8a05-4390-ba65-ff5507872631","Forest Essentials Facial Cleanser","[Forest Essentials] Luxury Ayurvedic cleanser enriched with natural ingredients.","975","14","ACTIVE","0","0"
"fbde02bf-8a05-4390-ba65-ff5507872631","Fortune Sunlite Refined Oil 5L","[Fortune] Light and healthy refined sunflower oil suitable for daily cooking.","899","45","ACTIVE","0","0"
"fbde02bf-8a05-4390-ba65-ff5507872631","Fossil Grant Chronograph Watch","[Fossil] Elegant chronograph watch featuring a premium leather strap.","8995","85","ACTIVE","0","0"
"fbde02bf-8a05-4390-ba65-ff5507872631","Fossil Jacqueline Women's Watch","[Fossil] Premium analog watch featuring a sophisticated and elegant design.","10995","49","ACTIVE","0","0"
"fbde02bf-8a05-4390-ba65-ff5507872631","Garmin Forerunner 265","[Garmin] GPS running smartwatch built for athletes and fitness enthusiasts.","44990","73","ACTIVE","0","0"
"fbde02bf-8a05-4390-ba65-ff5507872631","Gillette Fusion Razor","[Gillette] Precision razor for a smooth shaving experience.","499","41","ACTIVE","0","0"
"fbde02bf-8a05-4390-ba65-ff5507872631","Global Desi Boho Maxi Dress","[Global Desi] Bohemian-style maxi dress featuring vibrant prints and flowing silhouette.","2699","77","ACTIVE","0","0"
"fbde02bf-8a05-4390-ba65-ff5507872631","Godrej Single Door Refrigerator 180L","[Godrej] Energy-efficient refrigerator suitable for small families.","16990","86","ACTIVE","0","0"
"fbde02bf-8a05-4390-ba65-ff5507872631","Google Nest Mini","[Google] Smart speaker with Google Assistant and voice control.","4499","72","ACTIVE","0","0"
"fbde02bf-8a05-4390-ba65-ff5507872631","Google Pixel 9 Pro","[Google] AI-powered smartphone with exceptional photography and pure Android experience.","109999","22","ACTIVE","0","0"
"fbde02bf-8a05-4390-ba65-ff5507872631","GoPro HERO13 Black","[GoPro] Rugged action camera for adventure and outdoor activities.","44990","61","ACTIVE","0","0"
"fbde02bf-8a05-4390-ba65-ff5507872631","Gucci Bloom","[Gucci] Rich floral fragrance inspired by a blooming garden.","11999","85","ACTIVE","0","0"
"fbde02bf-8a05-4390-ba65-ff5507872631","H&M Floral Summer Dress","[H&M] Lightweight floral dress designed for casual summer outings.","2299","43","ACTIVE","0","0"
"fbde02bf-8a05-4390-ba65-ff5507872631","H&M Hoodie","[H&M] Soft cotton-blend hoodie ideal for everyday comfort.","1999","90","ACTIVE","0","0"
"fbde02bf-8a05-4390-ba65-ff5507872631","H&M Oversized Hoodie","[H&M] Comfortable oversized hoodie crafted from soft cotton blend fabric.","2499","47","ACTIVE","0","0"
"fbde02bf-8a05-4390-ba65-ff5507872631","Himalaya Neem Face Wash","[Himalaya] Neem-based face wash that helps prevent acne and pimples.","199","44","ACTIVE","0","0"
"fbde02bf-8a05-4390-ba65-ff5507872631","Home Centre LED Table Lamp","[Home Centre] Modern LED lamp ideal for study tables and workspaces.","999","12","ACTIVE","0","0"
"fbde02bf-8a05-4390-ba65-ff5507872631","Horlicks Health Drink 1kg","[Horlicks] Nutritional malt-based health drink enriched with vitamins and minerals.","549","39","ACTIVE","0","0"
"fbde02bf-8a05-4390-ba65-ff5507872631","HP Spectre x360","[HP] Convertible laptop with touchscreen and premium craftsmanship.","139999","77","ACTIVE","0","0"
"fbde02bf-8a05-4390-ba65-ff5507872631","Hugo Boss Bottled","[Hugo Boss] Warm and spicy fragrance with apple, cinnamon, and sandalwood.","5999","82","ACTIVE","0","0"
"fbde02bf-8a05-4390-ba65-ff5507872631","HyperX Cloud III","[HyperX] Gaming headset delivering immersive sound and comfort.","8999","72","ACTIVE","0","0"
"fbde02bf-8a05-4390-ba65-ff5507872631","IFB Front Load Washing Machine 8kg","[IFB] Fully automatic washing machine with advanced fabric care features.","34999","98","ACTIVE","0","0"
"fbde02bf-8a05-4390-ba65-ff5507872631","IKEA LACK Coffee Table","[IKEA] Minimalist coffee table suitable for modern living rooms.","2999","46","ACTIVE","0","0"
"fbde02bf-8a05-4390-ba65-ff5507872631","Ikigai","[Hector Garcia] Japanese philosophy book exploring the secret to a long and happy life.","399","33","ACTIVE","0","0"
"fbde02bf-8a05-4390-ba65-ff5507872631","India Gate Basmati Rice 5kg","[India Gate] Premium aged basmati rice with long grains and rich aroma, perfect for biryani and pulao.","699","12","ACTIVE","0","0"
"fbde02bf-8a05-4390-ba65-ff5507872631","Indulekha Bringha Hair Oil","[Indulekha] Ayurvedic hair oil for reducing hair fall.","432","90","ACTIVE","0","0"
"fbde02bf-8a05-4390-ba65-ff5507872631","iPad Air M3","[Apple] Powerful tablet designed for creativity, productivity, and entertainment.","59900","48","ACTIVE","0","0"
"fbde02bf-8a05-4390-ba65-ff5507872631","Jack & Jones Denim Jacket","[Jack & Jones] Stylish denim jacket perfect for casual layering.","3499","78","ACTIVE","0","0"
"fbde02bf-8a05-4390-ba65-ff5507872631","JBL Tune 770NC","[JBL] Wireless headphones with active noise cancellation and powerful bass.","8999","72","ACTIVE","0","0"
"fbde02bf-8a05-4390-ba65-ff5507872631","Kama Ayurveda Rose Water","[Kama Ayurveda] Pure rose water toner for refreshing and hydrating skin.","450","28","ACTIVE","0","0"
"fbde02bf-8a05-4390-ba65-ff5507872631","Kellogg's Corn Flakes 875g","[Kellogg's] Crunchy breakfast cereal enriched with essential vitamins and minerals.","399","90","ACTIVE","0","0"
"fbde02bf-8a05-4390-ba65-ff5507872631","Kent Grand Water Purifier","[Kent] RO+UV+UF water purifier ensuring safe and clean drinking water.","16999","49","ACTIVE","0","0"
"fbde02bf-8a05-4390-ba65-ff5507872631","Kookaburra Cricket Ball","[Kookaburra] Professional-grade cricket ball with excellent durability.","699","56","ACTIVE","0","0"
"fbde02bf-8a05-4390-ba65-ff5507872631","L'Oreal Paris Revitalift Serum","[L'Oreal] Anti-aging serum with hyaluronic acid for youthful skin.","899","59","ACTIVE","0","0"
"fbde02bf-8a05-4390-ba65-ff5507872631","L'Oreal Total Repair Shampoo","[L'Oreal] Repairs damaged hair and strengthens hair fibers.","399","12","ACTIVE","0","0"
"fbde02bf-8a05-4390-ba65-ff5507872631","Lakme 9to5 Lipstick","[Lakme] Matte lipstick with long-lasting color payoff.","550","71","ACTIVE","0","0"
"fbde02bf-8a05-4390-ba65-ff5507872631","Lakme 9to5 Primer + Matte Foundation","[Lakme] Long-lasting matte foundation with built-in primer.","549","78","ACTIVE","0","0"
"fbde02bf-8a05-4390-ba65-ff5507872631","Lakme Absolute Perfect Radiance Face Wash","[Lakme] Brightening face wash enriched with micro-crystals for glowing skin.","249","41","ACTIVE","0","0"
"fbde02bf-8a05-4390-ba65-ff5507872631","Lakme Eyeconic Kajal","[Lakme] Smudge-proof kajal with long-lasting wear.","199","22","ACTIVE","0","0"
"fbde02bf-8a05-4390-ba65-ff5507872631","Lakme Sun Expert SPF 50 Sunscreen","[Lakme] Broad-spectrum sunscreen providing UV protection.","399","94","ACTIVE","0","0"
"fbde02bf-8a05-4390-ba65-ff5507872631","Lanc??me La Vie Est Belle","[Lanc??me] Sweet floral fragrance with iris, jasmine, and vanilla.","9999","93","ACTIVE","0","0"
"fbde02bf-8a05-4390-ba65-ff5507872631","Lay's American Style Cream & Onion","[Lay's] Crispy potato chips with a rich cream and onion flavor.","20","32","ACTIVE","0","0"
"fbde02bf-8a05-4390-ba65-ff5507872631","Lenovo Yoga 7","[Lenovo] Versatile 2-in-1 laptop built for productivity and entertainment.","89999","65","ACTIVE","0","0"
"fbde02bf-8a05-4390-ba65-ff5507872631","Levi's 511 Slim Fit Jeans","[Levi's] Modern slim-fit jeans offering comfort and timeless style.","2999","18","ACTIVE","0","0"
"fbde02bf-8a05-4390-ba65-ff5507872631","Levi's 512 Taper Jeans","[Levi's] Tapered-fit jeans combining contemporary style and comfort.","3299","33","ACTIVE","0","0"
"fbde02bf-8a05-4390-ba65-ff5507872631","Levi's Women's Skinny Jeans","[Levi's] Stretchable skinny-fit jeans designed for everyday comfort and style.","3299","86","ACTIVE","0","0"
"fbde02bf-8a05-4390-ba65-ff5507872631","LG Double Door Refrigerator 260L","[LG] Spacious refrigerator with smart inverter compressor technology.","32999","85","ACTIVE","0","0"
"fbde02bf-8a05-4390-ba65-ff5507872631","LG OLED C4 55-inch TV","[LG] Premium OLED television with stunning visuals and deep blacks.","129999","74","ACTIVE","0","0"
"fbde02bf-8a05-4390-ba65-ff5507872631","Libas Embroidered Kurta Set","[Libas] Beautiful embroidered kurta with pants and dupatta for ethnic styling.","2799","79","ACTIVE","0","0"
"fbde02bf-8a05-4390-ba65-ff5507872631","Listerine Mouthwash","[Listerine] Antiseptic mouthwash for oral hygiene.","299","84","ACTIVE","0","0"
"fbde02bf-8a05-4390-ba65-ff5507872631","Logitech G Pro X Superlight 2","[Logitech] Ultra-lightweight wireless gaming mouse built for esports performance.","13995","92","ACTIVE","0","0"
"fbde02bf-8a05-4390-ba65-ff5507872631","Logitech G29 Racing Wheel","[Logitech] Force feedback racing wheel delivering realistic driving experience.","28999","85","ACTIVE","0","0"
"fbde02bf-8a05-4390-ba65-ff5507872631","Logitech MX Keys S","[Logitech] Premium wireless keyboard designed for productivity workflows.","11995","47","ACTIVE","0","0"
"fbde02bf-8a05-4390-ba65-ff5507872631","Logitech MX Master 3S","[Logitech] Professional wireless productivity mouse with precision tracking.","9995","10","ACTIVE","0","0"
"fbde02bf-8a05-4390-ba65-ff5507872631","MAC Matte Lipstick Ruby Woo","[MAC] Iconic red matte lipstick with rich pigmentation.","2300","95","ACTIVE","0","0"
"fbde02bf-8a05-4390-ba65-ff5507872631","MacBook Air M4","[Apple] Ultra-light laptop powered by Apple's M4 chip for productivity and creativity.","114900","18","ACTIVE","0","0"
"fbde02bf-8a05-4390-ba65-ff5507872631","MacBook Pro 14 M4","[Apple] Professional laptop designed for developers, creators, and power users.","199900","60","ACTIVE","0","0"
"fbde02bf-8a05-4390-ba65-ff5507872631","Maggi 2-Minute Noodles Pack","[Maggi] Popular instant noodles ready in minutes with signature masala taste.","168","69","ACTIVE","0","0"
"fbde02bf-8a05-4390-ba65-ff5507872631","Mamaearth Onion Hair Oil","[Mamaearth] Hair oil enriched with onion extracts for hair growth.","399","28","ACTIVE","0","0"
"fbde02bf-8a05-4390-ba65-ff5507872631","Mamaearth Ubtan Face Mask","[Mamaearth] Face mask that helps remove tan and brighten skin.","499","54","ACTIVE","0","0"
"fbde02bf-8a05-4390-ba65-ff5507872631","Mamaearth Ubtan Face Wash","[Mamaearth] Turmeric and saffron-based face wash for tan removal and glowing skin.","299","81","ACTIVE","0","0"
"fbde02bf-8a05-4390-ba65-ff5507872631","Mamaearth Vitamin C Serum","[Mamaearth] Vitamin C enriched serum for glowing and radiant skin.","649","63","ACTIVE","0","0"
"fbde02bf-8a05-4390-ba65-ff5507872631","Manyavar Mohey Designer Lehenga","[Mohey] Designer lehenga set featuring intricate embroidery and festive elegance.","8999","34","ACTIVE","0","0"
"fbde02bf-8a05-4390-ba65-ff5507872631","Maybelline Colossal Kajal","[Maybelline] Waterproof kajal with intense black finish.","179","21","ACTIVE","0","0"
"fbde02bf-8a05-4390-ba65-ff5507872631","Maybelline Fit Me Compact","[Maybelline] Lightweight compact powder for shine control.","249","24","ACTIVE","0","0"
"fbde02bf-8a05-4390-ba65-ff5507872631","Maybelline Fit Me Foundation","[Maybelline] Natural finish foundation suitable for normal to oily skin.","629","33","ACTIVE","0","0"
"fbde02bf-8a05-4390-ba65-ff5507872631","Maybelline Sky High Mascara","[Maybelline] Lengthening mascara for fuller-looking lashes.","799","26","ACTIVE","0","0"
"fbde02bf-8a05-4390-ba65-ff5507872631","Maybelline Superstay Lipstick","[Maybelline] Transfer-proof lipstick lasting up to 16 hours.","699","45","ACTIVE","0","0"
"fbde02bf-8a05-4390-ba65-ff5507872631","Meta Quest 3","[Meta] Advanced mixed-reality headset for immersive gaming experiences.","59999","16","ACTIVE","0","0"
"fbde02bf-8a05-4390-ba65-ff5507872631","MI 2026 Official Jersey","Official Jersey of Mumbai Indians 2026 Edition","3999","150","ACTIVE","0","0"
"fbde02bf-8a05-4390-ba65-ff5507872631","Michael Kors Jet Set Tote Bag","[Michael Kors] Spacious designer tote bag perfect for daily essentials.","14999","34","ACTIVE","0","0"
"fbde02bf-8a05-4390-ba65-ff5507872631","Milton Lunch Box Set","[Milton] Leak-proof lunch box set ideal for office and school use.","699","64","ACTIVE","0","0"
"fbde02bf-8a05-4390-ba65-ff5507872631","Milton Thermosteel Water Bottle","[Milton] Insulated stainless steel bottle that keeps beverages hot or cold.","799","15","ACTIVE","0","0"
"fbde02bf-8a05-4390-ba65-ff5507872631","Minimalist Vitamin C Serum","[Minimalist] 10% Vitamin C serum for brighter and healthier skin.","699","42","ACTIVE","0","0"
"fbde02bf-8a05-4390-ba65-ff5507872631","MSI MAG 27QRF Gaming Monitor","[MSI] 27-inch high-refresh-rate gaming monitor with vibrant colors and low latency.","32999","89","ACTIVE","0","0"
"fbde02bf-8a05-4390-ba65-ff5507872631","Navneet A4 Notebook","[Navneet] Premium notebook with smooth pages for writing and note-taking.","120","55","ACTIVE","0","0"
"fbde02bf-8a05-4390-ba65-ff5507872631","Nescafe Classic Coffee 200g","[Nescafe] Premium coffee blend delivering a strong and smooth flavor.","449","82","ACTIVE","0","0"
"fbde02bf-8a05-4390-ba65-ff5507872631","Neutrogena Deep Clean Face Wash","[Neutrogena] Deep cleansing face wash that removes dirt and excess oil.","325","32","ACTIVE","0","0"
"fbde02bf-8a05-4390-ba65-ff5507872631","Nike Air Force 1 White","[Nike] Classic white sneakers with premium leather construction and timeless streetwear style.","8495","25","ACTIVE","0","0"
"fbde02bf-8a05-4390-ba65-ff5507872631","Nike Air Max Excee Women","[Nike] Stylish women's sneakers with lightweight cushioning and comfort.","8995","20","ACTIVE","0","0"
"fbde02bf-8a05-4390-ba65-ff5507872631","Nike Dri-FIT Training T-Shirt","[Nike] Sweat-wicking athletic t-shirt designed for workouts and sports.","1495","12","ACTIVE","0","0"
"fbde02bf-8a05-4390-ba65-ff5507872631","Nike Dunk Low Panda","[Nike] Iconic black and white sneaker popular for casual and streetwear outfits.","9695","99","ACTIVE","0","0"
"fbde02bf-8a05-4390-ba65-ff5507872631","Nintendo Switch OLED","[Nintendo] Portable gaming console with vibrant OLED display and versatile gameplay modes.","32999","39","ACTIVE","0","0"
"fbde02bf-8a05-4390-ba65-ff5507872631","Nivea Aloe Hydration Body Lotion","[Nivea] Hydrating body lotion with aloe vera extracts.","299","18","ACTIVE","0","0"
"fbde02bf-8a05-4390-ba65-ff5507872631","Nivea Men Face Wash","[Nivea] Face wash designed for men's skin care needs.","225","25","ACTIVE","0","0"
"fbde02bf-8a05-4390-ba65-ff5507872631","Nivea Soft Moisturizing Cream","[Nivea] Light moisturizing cream enriched with jojoba oil.","299","92","ACTIVE","0","0"
"fbde02bf-8a05-4390-ba65-ff5507872631","Nivia Basketball Size 7","[Nivia] Official-size basketball with superior grip and bounce control.","999","35","ACTIVE","0","0"
"fbde02bf-8a05-4390-ba65-ff5507872631","Nivia Storm Football","[Nivia] Durable football designed for training sessions and recreational matches.","899","37","ACTIVE","0","0"
"fbde02bf-8a05-4390-ba65-ff5507872631","Nivia Weight Training Gloves","[Nivia] Comfortable workout gloves offering improved grip and hand protection.","499","99","ACTIVE","0","0"
"fbde02bf-8a05-4390-ba65-ff5507872631","Nothing Phone 3","[Nothing] Innovative smartphone featuring a transparent design and advanced Glyph interface.","49999","54","ACTIVE","0","0"
"fbde02bf-8a05-4390-ba65-ff5507872631","Nykaa Nail Enamel","[Nykaa] Quick-dry nail polish available in trendy shades.","199","85","ACTIVE","0","0"
"fbde02bf-8a05-4390-ba65-ff5507872631","Omron HEM 7120 Blood Pressure Monitor","[Omron] Clinically validated BP monitor designed for home healthcare monitoring.","2399","59","ACTIVE","0","0"
"fbde02bf-8a05-4390-ba65-ff5507872631","Omron NE-C106 Nebulizer","[Omron] Efficient nebulizer designed for respiratory therapy at home.","2499","57","ACTIVE","0","0"
"fbde02bf-8a05-4390-ba65-ff5507872631","OnePlus 13","[OnePlus] Fast and smooth smartphone with flagship performance and Hasselblad camera tuning.","69999","54","ACTIVE","0","0"
"fbde02bf-8a05-4390-ba65-ff5507872631","OPI Nail Lacquer","[OPI] Salon-quality nail lacquer with long-lasting finish.","899","71","ACTIVE","0","0"
"fbde02bf-8a05-4390-ba65-ff5507872631","Oral-B Pro Health Toothbrush","[Oral-B] Soft-bristle toothbrush for effective cleaning.","149","80","ACTIVE","0","0"
"fbde02bf-8a05-4390-ba65-ff5507872631","Paco Rabanne 1 Million","[Paco Rabanne] Luxurious fragrance featuring leather, amber, and spicy notes.","8999","98","ACTIVE","0","0"
"fbde02bf-8a05-4390-ba65-ff5507872631","Parachute Advanced Coconut Hair Oil","[Parachute] Pure coconut hair oil for nourishment and shine.","210","10","ACTIVE","0","0"
"fbde02bf-8a05-4390-ba65-ff5507872631","Parker Vector Ball Pen","[Parker] Elegant ballpoint pen offering smooth writing performance.","399","36","ACTIVE","0","0"
"fbde02bf-8a05-4390-ba65-ff5507872631","Parle-G Biscuits Family Pack","[Parle] Classic glucose biscuits loved by generations.","60","43","ACTIVE","0","0"
"fbde02bf-8a05-4390-ba65-ff5507872631","Pee Safe Menstrual Cup","[Pee Safe] Reusable and eco-friendly menstrual hygiene solution.","399","40","ACTIVE","0","0"
"fbde02bf-8a05-4390-ba65-ff5507872631","Philips Air Fryer HD9252","[Philips] Healthy cooking appliance using rapid air technology with less oil.","9999","37","ACTIVE","0","0"
"fbde02bf-8a05-4390-ba65-ff5507872631","Philips Air Fryer HD9252","[Philips] Healthy cooking appliance with rapid air technology.","9999","71","ACTIVE","0","0"
"fbde02bf-8a05-4390-ba65-ff5507872631","Pigeon Non-Stick Cookware Set","[Pigeon] Complete non-stick cookware set suitable for daily cooking needs.","1999","98","ACTIVE","0","0"
"fbde02bf-8a05-4390-ba65-ff5507872631","PlayStation Portal","[Sony] Portable remote player for PlayStation gaming anywhere at home.","19990","63","ACTIVE","0","0"
"fbde02bf-8a05-4390-ba65-ff5507872631","Plum Green Tea Face Mask","[Plum] Detoxifying face mask for oily and acne-prone skin.","525","68","ACTIVE","0","0"
"fbde02bf-8a05-4390-ba65-ff5507872631","Plum Green Tea Night Gel","[Plum] Hydrating overnight gel with green tea extracts.","575","65","ACTIVE","0","0"
"fbde02bf-8a05-4390-ba65-ff5507872631","Post-it Sticky Notes","[Post-it] Colorful self-adhesive notes for reminders and organization.","249","60","ACTIVE","0","0"
"fbde02bf-8a05-4390-ba65-ff5507872631","PowerMax Air Bike","[PowerMax] Exercise bike delivering effective cardio workouts at home.","6599","17","ACTIVE","0","0"
"fbde02bf-8a05-4390-ba65-ff5507872631","Prestige Deluxe Alpha Pressure Cooker 5L","[Prestige] Durable stainless steel pressure cooker designed for fast and efficient cooking.","2499","47","ACTIVE","0","0"
"fbde02bf-8a05-4390-ba65-ff5507872631","Prestige Induction Cooktop","[Prestige] Energy-efficient induction stove with multiple cooking presets.","2499","38","ACTIVE","0","0"
"fbde02bf-8a05-4390-ba65-ff5507872631","Pull-Up Bar","[Domyos] Door-mounted pull-up bar for upper-body strength training.","2599","73","ACTIVE","0","0"
"fbde02bf-8a05-4390-ba65-ff5507872631","Pulse Oximeter Fingertip","[Dr Trust] Measures blood oxygen saturation and pulse rate accurately.","899","46","ACTIVE","0","0"
"fbde02bf-8a05-4390-ba65-ff5507872631","Puma RS-X","[Puma] Bold lifestyle sneaker featuring chunky design and cushioned comfort.","8999","49","ACTIVE","0","0"
"fbde02bf-8a05-4390-ba65-ff5507872631","Puma Running Shorts","[Puma] Lightweight running shorts offering unrestricted movement.","1299","50","ACTIVE","0","0"
"fbde02bf-8a05-4390-ba65-ff5507872631","Quaker Oats 1kg","[Quaker] Nutritious whole-grain oats ideal for healthy breakfasts.","220","72","ACTIVE","0","0"
"fbde02bf-8a05-4390-ba65-ff5507872631","Ray-Ban Aviator Sunglasses","[Ray-Ban] Iconic aviator sunglasses with UV protection and timeless appeal.","8990","15","ACTIVE","0","0"
"fbde02bf-8a05-4390-ba65-ff5507872631","Ray-Ban Erika Sunglasses","[Ray-Ban] Fashionable sunglasses with UV protection and lightweight frame.","7990","31","ACTIVE","0","0"
"fbde02bf-8a05-4390-ba65-ff5507872631","Razer BlackWidow V4","[Razer] RGB mechanical keyboard designed for competitive gaming.","15999","31","ACTIVE","0","0"
"fbde02bf-8a05-4390-ba65-ff5507872631","Razer DeathAdder V3 Pro","[Razer] Professional wireless gaming mouse with exceptional precision.","12999","44","ACTIVE","0","0"
"fbde02bf-8a05-4390-ba65-ff5507872631","Razer Kiyo Pro Webcam","[Razer] Professional webcam with adaptive light sensor technology.","14999","82","ACTIVE","0","0"
"fbde02bf-8a05-4390-ba65-ff5507872631","Rcb 2026 Official Jersey","Official jersey of RCB Team 2026 edition","3999","997","ACTIVE","0","0"
"fbde02bf-8a05-4390-ba65-ff5507872631","Real Mixed Fruit Juice 1L","[Real] Refreshing fruit juice blend packed with fruity goodness.","140","97","ACTIVE","0","0"
"fbde02bf-8a05-4390-ba65-ff5507872631","Red Label Natural Care Tea 1kg","[Brooke Bond] Tea infused with natural ingredients for great taste and wellness.","599","97","ACTIVE","0","0"
"fbde02bf-8a05-4390-ba65-ff5507872631","Resistance Band Set","[Domyos] Five-band resistance training kit for strength and mobility exercises.","1999","14","ACTIVE","0","0"
"fbde02bf-8a05-4390-ba65-ff5507872631","Reynolds Trimax Pen Pack","[Reynolds] Smooth gel pens designed for comfortable everyday writing.","150","59","ACTIVE","0","0"
"fbde02bf-8a05-4390-ba65-ff5507872631","Rich Dad Poor Dad","[Robert Kiyosaki] Personal finance classic teaching wealth-building and financial literacy principles.","399","96","ACTIVE","0","0"
"fbde02bf-8a05-4390-ba65-ff5507872631","Samsung Galaxy Buds 3 Pro","[Samsung] Wireless earbuds delivering immersive audio and AI features.","17999","76","ACTIVE","0","0"
"fbde02bf-8a05-4390-ba65-ff5507872631","Samsung Galaxy S25","[Samsung] High-performance smartphone with premium display and powerful battery backup.","84999","25","ACTIVE","0","0"
"fbde02bf-8a05-4390-ba65-ff5507872631","Samsung Galaxy S25 Ultra","[Samsung] Flagship Android smartphone with AI-powered features and professional-grade camera system.","124999","89","ACTIVE","0","0"
"fbde02bf-8a05-4390-ba65-ff5507872631","Samsung Galaxy Tab S10+","[Samsung] Premium Android tablet with AMOLED display and S Pen support.","84999","10","ACTIVE","0","0"
"fbde02bf-8a05-4390-ba65-ff5507872631","Samsung Galaxy Watch 7","[Samsung] Premium smartwatch with health insights and AI assistance.","32999","52","ACTIVE","0","0"
"fbde02bf-8a05-4390-ba65-ff5507872631","Samsung Microwave Oven 28L","[Samsung] Convection microwave oven for baking, grilling, and reheating.","11999","30","ACTIVE","0","0"
"fbde02bf-8a05-4390-ba65-ff5507872631","Samsung Neo QLED 55-inch TV","[Samsung] Advanced QLED television offering exceptional brightness and contrast.","119999","50","ACTIVE","0","0"
"fbde02bf-8a05-4390-ba65-ff5507872631","Samsung T7 SSD 1TB","[Samsung] Portable high-speed SSD for secure storage and backups.","8999","15","ACTIVE","0","0"
"fbde02bf-8a05-4390-ba65-ff5507872631","SanDisk Extreme Pro 1TB SSD","[SanDisk] Rugged portable SSD with exceptional read and write speeds.","10999","80","ACTIVE","0","0"
"fbde02bf-8a05-4390-ba65-ff5507872631","Secretlab TITAN Evo Gaming Chair","[Secretlab] Premium ergonomic gaming chair built for long gaming sessions.","54999","21","ACTIVE","0","0"
"fbde02bf-8a05-4390-ba65-ff5507872631","SG Kashmir Willow Cricket Bat","[SG] Cricket bat crafted for powerful strokes and balanced performance.","2499","14","ACTIVE","0","0"
"fbde02bf-8a05-4390-ba65-ff5507872631","Skechers Go Walk 7","[Skechers] Lightweight walking shoes designed for all-day comfort and support.","5499","38","ACTIVE","0","0"
"fbde02bf-8a05-4390-ba65-ff5507872631","Skinn by Titan Raw","[Titan] Premium Indian fragrance featuring citrus and woody accords.","1995","80","ACTIVE","0","0"
"fbde02bf-8a05-4390-ba65-ff5507872631","Sleepyhead Premium Pillow Set","[Sleepyhead] Soft and supportive pillows for enhanced sleeping comfort.","1499","28","ACTIVE","0","0"
"fbde02bf-8a05-4390-ba65-ff5507872631","Sony Alpha ZV-E10","[Sony] Content creator camera optimized for vlogging and streaming.","74999","91","ACTIVE","0","0"
"fbde02bf-8a05-4390-ba65-ff5507872631","Sony Bravia XR 55-inch TV","[Sony] Premium smart TV powered by cognitive intelligence technology.","139999","37","ACTIVE","0","0"
"fbde02bf-8a05-4390-ba65-ff5507872631","Sony DualSense Wireless Controller","[Sony] Advanced PS5 controller featuring adaptive triggers and haptic feedback.","6490","74","ACTIVE","0","0"
"fbde02bf-8a05-4390-ba65-ff5507872631","Sony PlayStation 5 Slim","[Sony] Next-generation gaming console delivering stunning graphics and ultra-fast loading speeds.","54990","42","ACTIVE","0","0"
"fbde02bf-8a05-4390-ba65-ff5507872631","Sony PlayStation Portal","[Sony] Remote gaming device designed for PlayStation streaming.","19990","79","ACTIVE","0","0"
"fbde02bf-8a05-4390-ba65-ff5507872631","Sony WH-1000XM5","[Sony] Industry-leading wireless noise-cancelling headphones.","29990","23","ACTIVE","0","0"
"fbde02bf-8a05-4390-ba65-ff5507872631","Sports Water Bottle 1L","[Nike] Leak-proof hydration bottle designed for training and outdoor activities.","699","16","ACTIVE","0","0"
"fbde02bf-8a05-4390-ba65-ff5507872631","Steam Deck OLED","[Valve] Portable PC gaming handheld with OLED display and powerful hardware.","64999","43","ACTIVE","0","0"
"fbde02bf-8a05-4390-ba65-ff5507872631","SteelSeries Apex Pro TKL","[SteelSeries] Mechanical gaming keyboard featuring adjustable actuation switches.","18999","45","ACTIVE","0","0"
"fbde02bf-8a05-4390-ba65-ff5507872631","SteelSeries Arctis Nova 7","[SteelSeries] Wireless gaming headset with premium audio performance.","17999","54","ACTIVE","0","0"
"fbde02bf-8a05-4390-ba65-ff5507872631","Taj Mahal Tea 500g","[Taj Mahal] Premium tea leaves offering rich flavor and aroma.","349","51","ACTIVE","0","0"
"fbde02bf-8a05-4390-ba65-ff5507872631","Tata Salt 1kg","[Tata] Vacuum-evaporated iodized salt ensuring purity and health.","30","64","ACTIVE","0","0"
"fbde02bf-8a05-4390-ba65-ff5507872631","Tata Sampann Toor Dal 1kg","[Tata Sampann] Unpolished toor dal retaining natural nutrients and taste.","189","60","ACTIVE","0","0"
"fbde02bf-8a05-4390-ba65-ff5507872631","The Alchemist","[Paulo Coelho] Inspirational novel about following dreams and discovering life's purpose.","349","85","ACTIVE","0","0"
"fbde02bf-8a05-4390-ba65-ff5507872631","The Body Shop Tea Tree Face Mask","[The Body Shop] Purifying clay mask for blemish-prone skin.","995","61","ACTIVE","0","0"
"fbde02bf-8a05-4390-ba65-ff5507872631","The Derma Co Niacinamide Serum","[The Derma Co] Reduces acne marks and controls excess oil production.","599","44","ACTIVE","0","0"
"fbde02bf-8a05-4390-ba65-ff5507872631","The Power of Your Subconscious Mind","[Joseph Murphy] Guide to unlocking the hidden potential of the subconscious mind.","299","43","ACTIVE","0","0"
"fbde02bf-8a05-4390-ba65-ff5507872631","The Psychology of Money","[Morgan Housel] Insights into how people think about money, investing, and financial decisions.","450","36","ACTIVE","0","0"
"fbde02bf-8a05-4390-ba65-ff5507872631","Think and Grow Rich","[Napoleon Hill] Timeless success guide focusing on mindset, goals, and achievement.","299","49","ACTIVE","0","0"
"fbde02bf-8a05-4390-ba65-ff5507872631","Titan Neo Analog Watch","[Titan] Classic analog watch suitable for formal and casual occasions.","5495","52","ACTIVE","0","0"
"fbde02bf-8a05-4390-ba65-ff5507872631","Tommy Hilfiger Leather Belt","[Tommy Hilfiger] Premium leather belt crafted for both formal and casual outfits.","1799","10","ACTIVE","0","0"
"fbde02bf-8a05-4390-ba65-ff5507872631","Tommy Hilfiger Polo T-Shirt","[Tommy Hilfiger] Premium cotton polo shirt featuring iconic branding.","2499","14","ACTIVE","0","0"
"fbde02bf-8a05-4390-ba65-ff5507872631","TP-Link Archer AX73 Router","[TP-Link] Wi-Fi 6 router providing fast and reliable internet connectivity.","7999","82","ACTIVE","0","0"
"fbde02bf-8a05-4390-ba65-ff5507872631","Tresemme Keratin Smooth Shampoo","[Tresemme] Keratin-infused shampoo for smooth and manageable hair.","499","38","ACTIVE","0","0"
"fbde02bf-8a05-4390-ba65-ff5507872631","Tynor Knee Support","[Tynor] Provides compression and support for knee joint stability.","699","73","ACTIVE","0","0"
"fbde02bf-8a05-4390-ba65-ff5507872631","Tynor Lumbo Sacral Belt","[Tynor] Back support belt designed for lower back pain relief.","999","73","ACTIVE","0","0"
"fbde02bf-8a05-4390-ba65-ff5507872631","U.S. Polo Assn. Casual Shirt","[U.S. Polo Assn.] Classic casual shirt crafted from breathable cotton fabric.","1999","97","ACTIVE","0","0"
"fbde02bf-8a05-4390-ba65-ff5507872631","Van Heusen Formal Trousers","[Van Heusen] Tailored formal trousers designed for professional wear.","1999","21","ACTIVE","0","0"
"fbde02bf-8a05-4390-ba65-ff5507872631","Vaseline Intensive Care Lotion","[Vaseline] Moisturizing lotion for dry skin protection.","349","42","ACTIVE","0","0"
"fbde02bf-8a05-4390-ba65-ff5507872631","Veet Hair Removal Cream","[Veet] Quick and effective hair removal cream.","225","67","ACTIVE","0","0"
"fbde02bf-8a05-4390-ba65-ff5507872631","Versace Eros","[Versace] Bold masculine fragrance with mint, vanilla, and tonka bean notes.","7999","64","ACTIVE","0","0"
"fbde02bf-8a05-4390-ba65-ff5507872631","Vicks Steam Inhaler","[Vicks] Steam inhalation device providing relief from nasal congestion.","499","41","ACTIVE","0","0"
"fbde02bf-8a05-4390-ba65-ff5507872631","Victoria's Secret Bombshell","[Victoria's Secret] Fruity floral fragrance with passionfruit and peony notes.","6999","60","ACTIVE","0","0"
"fbde02bf-8a05-4390-ba65-ff5507872631","Volini Pain Relief Spray","[Volini] Fast-acting spray providing relief from muscle and joint pain.","299","80","ACTIVE","0","0"
"fbde02bf-8a05-4390-ba65-ff5507872631","W for Woman A-Line Kurta","[W] Elegant A-line kurta featuring modern ethnic styling.","2299","76","ACTIVE","0","0"
"fbde02bf-8a05-4390-ba65-ff5507872631","W for Woman Printed Kurta Set","[W] Comfortable printed kurta set designed for daily and office wear.","2999","58","ACTIVE","0","0"
"fbde02bf-8a05-4390-ba65-ff5507872631","Wakefit Memory Foam Mattress","[Wakefit] Orthopedic memory foam mattress designed for comfortable sleep.","11999","58","ACTIVE","0","0"
"fbde02bf-8a05-4390-ba65-ff5507872631","Weight Training Power Rack","[Domyos] Professional-grade power rack for advanced strength training exercises.","49999","16","ACTIVE","0","0"
"fbde02bf-8a05-4390-ba65-ff5507872631","Woodland Leather Boots","[Woodland] Durable leather boots built for rugged outdoor adventures.","3999","55","ACTIVE","0","0"
"fbde02bf-8a05-4390-ba65-ff5507872631","Xbox Series X","[Microsoft] Powerful gaming console featuring 4K gaming and high frame rates.","55990","24","ACTIVE","0","0"
"fbde02bf-8a05-4390-ba65-ff5507872631","Xbox Wireless Controller","[Microsoft] Comfortable gaming controller compatible with Xbox and PC.","5490","95","ACTIVE","0","0"
"fbde02bf-8a05-4390-ba65-ff5507872631","Xiaomi 15","[Xiaomi] Premium flagship device with Leica cameras and top-tier Snapdragon performance.","64999","10","ACTIVE","0","0"
"fbde02bf-8a05-4390-ba65-ff5507872631","Xiaomi Smart Air Purifier 4","[Xiaomi] Air purifier featuring HEPA filtration and smart controls.","12999","18","ACTIVE","0","0"
"fbde02bf-8a05-4390-ba65-ff5507872631","Yoga Mat 8mm","[Boldfit] Non-slip yoga mat providing comfort and stability during workouts.","799","43","ACTIVE","0","0"
"fbde02bf-8a05-4390-ba65-ff5507872631","Yonex GR 303 Badminton Racket","[Yonex] Lightweight badminton racket ideal for beginners and intermediate players.","1199","19","ACTIVE","0","0"
"fbde02bf-8a05-4390-ba65-ff5507872631","Yonex Mavis 350 Shuttlecock","[Yonex] Premium nylon shuttlecock offering consistent flight performance.","1299","83","ACTIVE","0","0"
"fbde02bf-8a05-4390-ba65-ff5507872631","YSL Black Opium","[Yves Saint Laurent] Seductive fragrance blending coffee, vanilla, and floral notes.","10999","81","ACTIVE","0","0"
"fbde02bf-8a05-4390-ba65-ff5507872631","YSL Y Eau de Parfum","[Yves Saint Laurent] Modern fragrance blending freshness, spice, and woody notes.","9999","95","ACTIVE","0","0"
"fbde02bf-8a05-4390-ba65-ff5507872631","Zara Floral Midi Dress","[Zara] Elegant floral midi dress suitable for casual outings and special occasions.","3990","98","ACTIVE","0","0"
"fbde02bf-8a05-4390-ba65-ff5507872631","Zara Overshirt","[Zara] Versatile overshirt combining smart and casual styling.","2990","98","ACTIVE","0","0"
"fbde02bf-8a05-4390-ba65-ff5507872631","Zara Satin Evening Dress","[Zara] Premium satin dress suitable for parties and special occasions.","4590","98","ACTIVE","0","0"
